9.67000000855478e-05,0.0689581036567688,0.4077766537666321,0.008157653734087944,0.024054432287812233,-0.04353899136185646,-0.0803821012377739,-0.09804776310920715,-0.006592232268303633,0.028061088174581528,0.07026371359825134
0.02062660000001415,0.06899136304855347,0.4077639877796173,0.008140218444168568,0.024053391069173813,-0.0435473695397377,-0.0803663432598114,-0.0980529859662056,-0.006573864724487066,0.02807805687189102,0.07025208324193954
0.04022050000003219,0.06907391548156738,0.4077627956867218,0.00814911350607872,0.024045180529356003,-0.043544698506593704,-0.08034344017505646,-0.09805615246295929,-0.006582264788448811,0.028062917292118073,0.07025831937789917
0.06029140000009647,0.06902261078357697,0.4077618718147278,0.008158136159181595,0.024042610079050064,-0.043551743030548096,-0.08036898076534271,-0.09805019944906235,-0.006589831784367561,0.028084339573979378,0.07026456296443939
0.0802840000001197,0.06902940571308136,0.40775755047798157,0.008171141147613525,0.024025171995162964,-0.04354797303676605,-0.08037278056144714,-0.09803567081689835,-0.006594289559870958,0.02806837111711502,0.07026319205760956
0.1001390999999785,0.06902123987674713,0.40773478150367737,0.008138286881148815,0.024024678394198418,-0.043548744171857834,-0.08036807179450989,-0.09804593771696091,-0.006597415544092655,0.02806774713099003,0.07026004046201706
0.12072790000001987,0.06898221373558044,0.4077725410461426,0.008151426911354065,0.02404845878481865,-0.04354880750179291,-0.08034767210483551,-0.0980522483587265,-0.006593957077711821,0.028089918196201324,0.07025447487831116
0.1401466000002074,0.06890194118022919,0.4078337550163269,0.00816393829882145,0.024044394493103027,-0.043544940650463104,-0.08037011325359344,-0.09804658591747284,-0.006588327698409557,0.02806464023888111,0.07026469707489014
0.160278500000004,0.0689023807644844,0.40773913264274597,0.008158350363373756,0.02403317578136921,-0.04354843497276306,-0.08036163449287415,-0.09807034581899643,-0.0065848855301737785,0.028072016313672066,0.07024909555912018
0.18013590000009572,0.06883274018764496,0.4077705144882202,0.008163475431501865,0.024046869948506355,-0.043548211455345154,-0.08037281036376953,-0.09805261343717575,-0.0065758018754422665,0.02808898128569126,0.07025491446256638
0.20027509999999893,0.06867056339979172,0.4077746570110321,0.008164123632013798,0.024059096351265907,-0.043550506234169006,-0.08037355542182922,-0.09805213660001755,-0.006578721571713686,0.028068194165825844,0.0702660083770752
0.22024940000028437,0.06856704503297806,0.40778934955596924,0.008158613927662373,0.02407076582312584,-0.04354088008403778,-0.08035926520824432,-0.0980820432305336,-0.006577590946108103,0.02806227095425129,0.07025955617427826
0.2402737000002162,0.06833510100841522,0.40783315896987915,0.008179735392332077,0.024073705077171326,-0.04354795441031456,-0.08037259429693222,-0.09803763777017593,-0.006574106868356466,0.02806433103978634,0.07025469839572906
0.26012370000034934,0.06772606819868088,0.4077545702457428,0.00817917287349701,0.024056266993284225,-0.043547119945287704,-0.08036187291145325,-0.09806642681360245,-0.006594114005565643,0.028076309710741043,0.07026154547929764
0.28013570000030086,0.0663498044013977,0.40777894854545593,0.008183903060853481,0.024052118882536888,-0.04355520009994507,-0.08036518096923828,-0.09805484861135483,-0.006588856689631939,0.028095243498682976,0.0702543705701828
0.30013910000025135,0.06275227665901184,0.4077606201171875,0.008166315965354443,0.02405138686299324,-0.043546728789806366,-0.08037741482257843,-0.09806475043296814,-0.00658087944611907,0.02806830406188965,0.07025961577892303
0.3202335999999377,0.06055697798728943,0.40779006481170654,0.008169729262590408,0.024022551253437996,-0.04354865849018097,-0.08036459982395172,-0.09804916381835938,-0.006590548902750015,0.02808719500899315,0.07026198506355286
0.3408028000003469,0.05716920644044876,0.40779733657836914,0.008169997483491898,0.024024365469813347,-0.04354899376630783,-0.08036627620458603,-0.09804797172546387,-0.006599624175578356,0.028097005560994148,0.0702669620513916
0.3601112000001194,0.05408494547009468,0.407776415348053,0.00815236009657383,0.023989751935005188,-0.04354493319988251,-0.0803806260228157,-0.09805741906166077,-0.006575363222509623,0.028062857687473297,0.07025986909866333
0.38014079999993555,0.049526091665029526,0.4077316224575043,0.008150415495038033,0.02396063320338726,-0.04354706406593323,-0.0803801566362381,-0.09804433584213257,-0.006581398658454418,0.02808072604238987,0.0702638253569603
0.4000948000002609,0.044065795838832855,0.4077540636062622,0.008143948391079903,0.02391093038022518,-0.04354502633213997,-0.08037739992141724,-0.098042331635952,-0.0065874881111085415,0.02808496542274952,0.0702509731054306
0.4201216999999815,0.038505252450704575,0.4077654778957367,0.00816083513200283,0.023863837122917175,-0.043549977242946625,-0.08035096526145935,-0.09804023057222366,-0.0065813553519546986,0.02809874340891838,0.07027463614940643
0.44009330000017144,0.03212747722864151,0.4077598452568054,0.008144350722432137,0.023859413340687752,-0.043546222150325775,-0.08037610352039337,-0.0980667993426323,-0.006594971753656864,0.02805493399500847,0.07025875151157379
0.4601286000001892,0.026217540726065636,0.40775513648986816,0.008113719522953033,0.023814193904399872,-0.04354492947459221,-0.08037705719470978,-0.09805504232645035,-0.006589758209884167,0.0280634593218565,0.07026058435440063
0.48011410000026444,0.018794754520058632,0.40772566199302673,0.008106259629130363,0.023776298388838768,-0.04354727268218994,-0.0803956687450409,-0.09806058555841446,-0.006580909714102745,0.02807614579796791,0.07026489078998566
0.500143300000218,0.01072657573968172,0.40771573781967163,0.008023942820727825,0.023784415796399117,-0.04352971166372299,-0.08042002469301224,-0.09805656969547272,-0.006581840571016073,0.0280678179115057,0.07034176588058472
0.5202229999999872,0.0017275031423196197,0.40775877237319946,0.007731640245765448,0.023799298331141472,-0.043526627123355865,-0.08044464886188507,-0.09795831143856049,-0.006547708995640278,0.02806086093187332,0.07029514759778976
0.5402145000002747,-0.0077676535584032536,0.4077218770980835,0.007366482634097338,0.023822596296668053,-0.043537773191928864,-0.0804012194275856,-0.09796285629272461,-0.006413632538169622,0.028064105659723282,0.07027411460876465
0.5603089000001091,-0.019284509122371674,0.40780356526374817,0.006653647404164076,0.02384265512228012,-0.04352957755327225,-0.08044974505901337,-0.09792859852313995,-0.006424142513424158,0.02806198038160801,0.0703318864107132
0.5801558000002842,-0.030368415638804436,0.4078337550163269,0.006269785575568676,0.023832231760025024,-0.04353201389312744,-0.0804683119058609,-0.09792029857635498,-0.006440686993300915,0.02806120738387108,0.07031573355197906
0.6000959000002695,-0.04250103235244751,0.40788525342941284,0.00614020274952054,0.02382504567503929,-0.04350768029689789,-0.08046268671751022,-0.097933329641819,-0.006422843784093857,0.02807336300611496,0.0702800378203392
0.6202228000001924,-0.0567934475839138,0.40789487957954407,0.005915534216910601,0.023837219923734665,-0.043522197753190994,-0.08046135306358337,-0.0979202389717102,-0.006461507640779018,0.028068114072084427,0.07028088718652725
0.6401292000000467,-0.06981253623962402,0.4079870879650116,0.005881142802536488,0.02384360134601593,-0.0435270257294178,-0.0804620087146759,-0.09794095903635025,-0.006527221295982599,0.028063498437404633,0.07030442357063293
0.6600915000003624,-0.08521412312984467,0.40804895758628845,0.005807647947221994,0.02385074645280838,-0.04350826144218445,-0.0804782509803772,-0.09797997027635574,-0.00655355304479599,0.028063982725143433,0.07028311491012573
0.6801949000000604,-0.10259657353162766,0.4082278907299042,0.005479956977069378,0.02388080395758152,-0.04349995031952858,-0.08045362681150436,-0.09808105230331421,-0.006460511591285467,0.028062991797924042,0.07027791440486908
0.7001176000003397,-0.12082730233669281,0.40862321853637695,0.004964224994182587,0.023899603635072708,-0.04351416230201721,-0.08047056198120117,-0.09806276857852936,-0.006116710137575865,0.02806198224425316,0.07026338577270508
0.7200947999999698,-0.13859042525291443,0.4093412756919861,0.004881857894361019,0.023883763700723648,-0.04348478466272354,-0.08046455681324005,-0.0980684831738472,-0.0038058909121900797,0.02808043174445629,0.07028239220380783
0.7401558999999907,-0.1551906317472458,0.4104895293712616,0.004885150585323572,0.02390926517546177,-0.04350557178258896,-0.08045826852321625,-0.09808167815208435,0.006644809618592262,0.028062039986252785,0.07029292732477188
0.7600437000000966,-0.16997207701206207,0.41129598021507263,0.004891594406217337,0.023887010291218758,-0.04349500685930252,-0.08046376705169678,-0.09807001054286957,0.02036351151764393,0.028063051402568817,0.07030032575130463
0.7802648000001682,-0.18290066719055176,0.4119102656841278,0.004873506724834442,0.023882780224084854,-0.04352319985628128,-0.08046019077301025,-0.09805309027433395,0.02876271866261959,0.028077278286218643,0.07029766589403152
0.8001507000003585,-0.19521856307983398,0.4127538502216339,0.004807721823453903,0.023883285000920296,-0.043478213250637054,-0.08046957850456238,-0.09792321175336838,0.030594244599342346,0.0280902236700058,0.07025668025016785
0.8202470999999605,-0.20045170187950134,0.41648411750793457,0.0036224054638296366,0.023927055299282074,-0.043523021042346954,-0.08048604428768158,-0.09791720658540726,0.03063509240746498,0.028068197891116142,0.0702686607837677
0.8404800000002979,-0.2031790167093277,0.42137864232063293,-0.0010930586140602827,0.023920167237520218,-0.04348474740982056,-0.08054205775260925,-0.0979452133178711,0.03065381571650505,0.028084058314561844,0.07027700543403625
0.86054090000016,-0.20379813015460968,0.42137056589126587,-0.009893825277686119,0.023918505758047104,-0.04350990056991577,-0.08067234605550766,-0.09794534742832184,0.030914079397916794,0.028071196749806404,0.07031852006912231
0.8805175000002237,-0.20364513993263245,0.4214405119419098,-0.021985739469528198,0.02391764335334301,-0.04352942854166031,-0.08070318400859833,-0.0979611799120903,0.03134755790233612,0.028073426336050034,0.07031514495611191
0.9004490000002079,-0.2007865160703659,0.4215441048145294,-0.035403601825237274,0.023892473429441452,-0.043508246541023254,-0.0807378888130188,-0.09797099977731705,0.03196590393781662,0.02806420624256134,0.07029484212398529
0.9203800000000228,-0.19299733638763428,0.42156559228897095,-0.049074701964855194,0.02389479987323284,-0.043504610657691956,-0.08083602041006088,-0.0979587584733963,0.032384760677814484,0.02806830406188965,0.0702703446149826
0.9405093000000306,-0.18736176192760468,0.42155471444129944,-0.06328548491001129,0.023917382583022118,-0.043543241918087006,-0.08098973333835602,-0.09795376658439636,0.03250833600759506,0.028073810040950775,0.07031574100255966
0.9601675000003524,-0.18771100044250488,0.42155078053474426,-0.07717429101467133,0.02400958351790905,-0.043520838022232056,-0.08099700510501862,-0.09795106947422028,0.0325116291642189,0.02806025929749012,0.07033033668994904
0.9805031999999301,-0.18768638372421265,0.4215834140777588,-0.09055028855800629,0.02407468482851982,-0.04352186620235443,-0.08100318908691406,-0.09795045852661133,0.03249991312623024,0.028074370697140694,0.0703062191605568
1.0001256000000467,-0.18420565128326416,0.42189836502075195,-0.10202398151159286,0.024105550721287727,-0.043544795364141464,-0.08112207055091858,-0.09792964905500412,0.032474663108587265,0.028074828907847404,0.07030996680259705
1.0201592000003075,-0.16871118545532227,0.42187222838401794,-0.11255129426717758,0.02454194612801075,-0.04355098679661751,-0.08176356554031372,-0.09792203456163406,0.03242038935422897,0.028068330138921738,0.07031381130218506
1.0400589999999283,-0.15200293064117432,0.4218745231628418,-0.12222205847501755,0.024593008682131767,-0.043547965586185455,-0.08754195272922516,-0.09790769964456558,0.03239195793867111,0.028060805052518845,0.07030971348285675
1.0605536000002758,-0.1330535113811493,0.421890527009964,-0.13284313678741455,0.024615122005343437,-0.043548524379730225,-0.10296424478292465,-0.09791334718465805,0.03235903009772301,0.02805786021053791,0.0703032836318016
1.0801172000001316,-0.1135668233036995,0.42187485098838806,-0.14361459016799927,0.024637920781970024,-0.04355558753013611,-0.12613508105278015,-0.09794344007968903,0.03234477713704109,0.028058040887117386,0.07026723027229309
1.100286600000345,-0.09357807040214539,0.4218710660934448,-0.1548161804676056,0.02463911473751068,-0.04358269274234772,-0.1615462303161621,-0.09791810065507889,0.03234848007559776,0.0280745942145586,0.07028355449438095
1.1203092000000652,-0.0733548253774643,0.42186877131462097,-0.16596242785453796,0.024654459208250046,-0.043576519936323166,-0.2068815380334854,-0.09790533781051636,0.03240532428026199,0.028062082827091217,0.07028991729021072
1.1401645000000826,-0.052631404250860214,0.42189034819602966,-0.17551282048225403,0.02468627318739891,-0.04355989769101143,-0.2570713758468628,-0.09792239964008331,0.03241128474473953,0.028069211170077324,0.07025403529405594
1.160102900000311,-0.031084634363651276,0.4218546450138092,-0.18221643567085266,0.024676088243722916,-0.04361601173877716,-0.31074202060699463,-0.09791939705610275,0.03240333870053291,0.028088852763175964,0.07026125490665436
1.1803342000002885,-0.0078483447432518,0.421873539686203,-0.18432439863681793,0.024764152243733406,-0.04357880353927612,-0.3676100969314575,-0.09790054708719254,0.03237602859735489,0.028060907498002052,0.07025779038667679
1.200309400000151,0.015082010999321938,0.421859472990036,-0.1843183934688568,0.024998845532536507,-0.043619461357593536,-0.42756757140159607,-0.09794259071350098,0.03241072967648506,0.02806861139833927,0.07026137411594391
1.2202618999999686,0.0386943556368351,0.4218761920928955,-0.18440216779708862,0.02499835379421711,-0.04363066703081131,-0.49159371852874756,-0.09790056198835373,0.032421525567770004,0.028067318722605705,0.0702512264251709
1.2403527000001304,0.06316255033016205,0.42185673117637634,-0.18539610505104065,0.02508620359003544,-0.043662022799253464,-0.5574901103973389,-0.09792011976242065,0.032399386167526245,0.02805406041443348,0.07025127112865448
1.2603533000001335,0.08830451965332031,0.42185288667678833,-0.18966825306415558,0.0252577792853117,-0.04367748647928238,-0.6230483651161194,-0.09790344536304474,0.03237104415893555,0.02806662581861019,0.07023955881595612
1.280316700000185,0.11363472789525986,0.42186278104782104,-0.1955273300409317,0.025249319151043892,-0.04365367442369461,-0.6869837045669556,-0.09789292514324188,0.0323638953268528,0.028063194826245308,0.0702514573931694
1.3001207000002069,0.14036938548088074,0.421848863363266,-0.2002062052488327,0.02523249201476574,-0.043674737215042114,-0.7483518719673157,-0.09789805859327316,0.032359905540943146,0.028060615062713623,0.07025234401226044
1.3201050000002397,0.16604585945606232,0.42186564207077026,-0.20102772116661072,0.025269057601690292,-0.043653786182403564,-0.8105686902999878,-0.09789305180311203,0.0323520228266716,0.028068095445632935,0.07025516033172607
1.340124199999991,0.19180439412593842,0.42186465859413147,-0.20098869502544403,0.02535955049097538,-0.04369250312447548,-0.8724004626274109,-0.09787140041589737,0.03235355764627457,0.028067227452993393,0.07027865946292877
1.3601008000000547,0.21825899183750153,0.4218197166919708,-0.2009921669960022,0.02546549029648304,-0.04369891434907913,-0.9329933524131775,-0.09785617142915726,0.032361507415771484,0.0280724186450243,0.0702972412109375
1.380575399999998,0.24528665840625763,0.4218508303165436,-0.2009943127632141,0.02560717612504959,-0.04370064288377762,-0.9908197522163391,-0.09710164368152618,0.03221314400434494,0.028072254732251167,0.07037562876939774
1.4000966000003245,0.2710834741592407,0.42181646823883057,-0.20098468661308289,0.02559628151357174,-0.04369896650314331,-1.042863130569458,-0.09068384766578674,0.03220301494002342,0.028086848556995392,0.07052303850650787
1.4203627000001688,0.2981882691383362,0.4218534827232361,-0.20100325345993042,0.025584043934941292,-0.04368003085255623,-1.0964462757110596,-0.07713667303323746,0.03193194791674614,0.028088174760341644,0.07098408043384552
1.4401090000001204,0.32231032848358154,0.42187654972076416,-0.20099583268165588,0.025562794879078865,-0.043647944927215576,-1.1481616497039795,-0.0566798597574234,0.03195510804653168,0.028095992282032967,0.07266049087047577
1.460118599999987,0.34698164463043213,0.4218832552433014,-0.2009975016117096,0.025572005659341812,-0.0436636283993721,-1.1990245580673218,-0.031073367223143578,0.03196677193045616,0.02806669846177101,0.07239505648612976
1.4801345000000765,0.37048113346099854,0.4218572676181793,-0.20099377632141113,0.025560924783349037,-0.04364396259188652,-1.2478772401809692,-0.005153616424649954,0.031978435814380646,0.028080496937036514,0.07233598083257675
1.5003434000000198,0.39158865809440613,0.4218568503856659,-0.20097550749778748,0.025519706308841705,-0.04363931715488434,-1.29428231716156,0.01961098611354828,0.031971849501132965,0.028086641803383827,0.07233583182096481
1.5201047000000472,0.4094082713127136,0.42190662026405334,-0.20098301768302917,0.02543666400015354,-0.04363818094134331,-1.34004545211792,0.0397949293255806,0.03193306922912598,0.028073295950889587,0.07232625782489777
1.5401590999999826,0.42349734902381897,0.42191410064697266,-0.20096534490585327,0.025468621402978897,-0.04362982511520386,-1.384641170501709,0.05709955841302872,0.031892456114292145,0.028114598244428635,0.07236593216657639
1.5603860999999597,0.43376025557518005,0.42190277576446533,-0.2009497433900833,0.02548293210566044,-0.043624117970466614,-1.4268335103988647,0.07086436450481415,0.03176429122686386,0.028115471825003624,0.07239114493131638
1.5801140000003215,0.43548646569252014,0.4218827188014984,-0.20092980563640594,0.025462109595537186,-0.0435846745967865,-1.4656003713607788,0.08463189750909805,0.03173060715198517,0.02812151610851288,0.07240070402622223
1.600175500000205,0.43289461731910706,0.4218788743019104,-0.200906440615654,0.025457004085183144,-0.043588582426309586,-1.5030155181884766,0.09935334324836731,0.03165972977876663,0.028115272521972656,0.07242396473884583
1.6200737000003755,0.4307243227958679,0.4218735098838806,-0.20082257688045502,0.025405142456293106,-0.043593257665634155,-1.5402121543884277,0.11508221924304962,0.031605690717697144,0.028124025091528893,0.07243911921977997
1.6402745000000323,0.4306481182575226,0.4218807518482208,-0.2007446140050888,0.0253142062574625,-0.04362662509083748,-1.5742601156234741,0.13023847341537476,0.03161316365003586,0.028129620477557182,0.07248291373252869
1.6603078000002824,0.4276237487792969,0.4218083918094635,-0.20035631954669952,0.025317316874861717,-0.043619684875011444,-1.6002947092056274,0.14279821515083313,0.03164453059434891,0.02810186706483364,0.07254040241241455
1.6803294000001188,0.413880854845047,0.42181292176246643,-0.1989077925682068,0.025326063856482506,-0.04360244423151016,-1.6168406009674072,0.15329760313034058,0.031681861728429794,0.02808806672692299,0.07270361483097076
1.7003396000000066,0.3932545483112335,0.42186158895492554,-0.19610054790973663,0.025324497371912003,-0.043553806841373444,-1.620882511138916,0.16220258176326752,0.03168918937444687,0.028114205226302147,0.07380576431751251
1.7203628000002027,0.37108999490737915,0.42184165120124817,-0.1949739009141922,0.02533104084432125,-0.04354667663574219,-1.617437481880188,0.17058855295181274,0.03167961910367012,0.028107864782214165,0.08278058469295502
1.7405695000002197,0.34834474325180054,0.42185285687446594,-0.19433505833148956,0.025312744081020355,-0.04355107992887497,-1.6150250434875488,0.1797250509262085,0.03167656064033508,0.028117971494793892,0.0997142344713211
1.7605028000002676,0.3251189589500427,0.4218396544456482,-0.1931542009115219,0.025319106876850128,-0.04359238222241402,-1.6071323156356812,0.18667751550674438,0.031669732183218,0.028116276487708092,0.12455320358276367
1.7804403000000093,0.30086466670036316,0.421871155500412,-0.1891370415687561,0.025314368307590485,-0.0435735359787941,-1.5877066850662231,0.19077010452747345,0.031638581305742264,0.028126662597060204,0.15711599588394165
1.8002277000000504,0.2756894826889038,0.42188307642936707,-0.18317508697509766,0.025322720408439636,-0.043616339564323425,-1.5573813915252686,0.19114959239959717,0.03154893219470978,0.02811199426651001,0.19489331543445587
1.820245800000066,0.24978265166282654,0.4218985438346863,-0.17565712332725525,0.02537057362496853,-0.04361548274755478,-1.5176316499710083,0.19114388525485992,0.03149960935115814,0.02812190167605877,0.23920536041259766
1.8402805000000626,0.2245161086320877,0.4218791723251343,-0.16889342665672302,0.025444909930229187,-0.04362580180168152,-1.4739763736724854,0.19112642109394073,0.031226566061377525,0.028113294392824173,0.2886399030685425
1.8601011000000653,0.19962799549102783,0.42187321186065674,-0.16373573243618011,0.025417054072022438,-0.043626997619867325,-1.4259209632873535,0.19112759828567505,0.030725352466106415,0.028111271560192108,0.34214523434638977
1.8805846000000201,0.1742410957813263,0.42184513807296753,-0.1602340042591095,0.025371959432959557,-0.043614260852336884,-1.3722139596939087,0.1911347508430481,0.030725738033652306,0.02813442423939705,0.40110695362091064
1.9000635000002148,0.15066009759902954,0.4218739867210388,-0.15584897994995117,0.025375448167324066,-0.043624550104141235,-1.3186461925506592,0.19112977385520935,0.030705571174621582,0.02812059223651886,0.4584774076938629
1.9203572000001259,0.12613442540168762,0.4218745231628418,-0.15021103620529175,0.02538531832396984,-0.043624162673950195,-1.2616233825683594,0.19112767279148102,0.030725734308362007,0.028137236833572388,0.5188291072845459
1.9400792000001275,0.10078822076320648,0.4218679666519165,-0.14377616345882416,0.02535485289990902,-0.04362550377845764,-1.2062132358551025,0.19114156067371368,0.03065713495016098,0.028138097375631332,0.5787161588668823
1.960140500000307,0.07583490759134293,0.4218609631061554,-0.13740655779838562,0.02532806433737278,-0.04362688958644867,-1.1504018306732178,0.19110865890979767,0.030633525922894478,0.02813565731048584,0.6414822340011597
1.9803460000002815,0.051038142293691635,0.4218701720237732,-0.13176316022872925,0.02531987801194191,-0.04362545162439346,-1.093183994293213,0.19110171496868134,0.030602937564253807,0.028138605877757072,0.7044976353645325
2.0005433999999696,0.026260798797011375,0.4218054711818695,-0.126332625746727,0.0253739133477211,-0.04360702633857727,-1.0356040000915527,0.1911170929670334,0.030630139634013176,0.028133079409599304,0.7657196521759033
2.02037670000027,0.0018757230136543512,0.42179030179977417,-0.12143512070178986,0.02538364939391613,-0.043611910194158554,-0.9814004898071289,0.19109725952148438,0.030653875321149826,0.028146328404545784,0.8244374394416809
2.04055070000004,-0.02326377108693123,0.4218355417251587,-0.1171995997428894,0.02539721690118313,-0.04362822324037552,-0.92579585313797,0.19112186133861542,0.030680513009428978,0.028138356283307076,0.8836317658424377
2.060093400000369,-0.04675853252410889,0.42175912857055664,-0.11538098007440567,0.02537667192518711,-0.04363047331571579,-0.8704686164855957,0.19112303853034973,0.03070593625307083,0.028142016381025314,0.9396023750305176
2.0805387000000337,-0.07170987129211426,0.4217400848865509,-0.11323848366737366,0.025355983525514603,-0.04363248497247696,-0.8124693632125854,0.19115722179412842,0.03072856366634369,0.02813423052430153,0.9951543807983398
2.1002591000001303,-0.09695762395858765,0.4217170476913452,-0.10946942865848541,0.02539006806910038,-0.043625276535749435,-0.7580877542495728,0.19113348424434662,0.030781924724578857,0.028131693601608276,1.0441906452178955
2.1201240000000325,-0.12297625094652176,0.4217146337032318,-0.10666202753782272,0.025467311963438988,-0.04362746700644493,-0.7040066719055176,0.19118118286132812,0.03087620437145233,0.028122486546635628,1.0901579856872559
2.1400825000000623,-0.1495038866996765,0.4217836260795593,-0.10356638580560684,0.025458214804530144,-0.04362490028142929,-0.6494926810264587,0.191421240568161,0.03111502341926098,0.028128251433372498,1.1332443952560425
2.1605348000002778,-0.1761183887720108,0.4217745363712311,-0.09987334161996841,0.025441212579607964,-0.043631069362163544,-0.5961030125617981,0.1948602944612503,0.03157700598239899,0.02813349850475788,1.1753054857254028
2.1804854000001797,-0.2004615068435669,0.42178621888160706,-0.09610199183225632,0.025458263233304024,-0.043625056743621826,-0.5461748838424683,0.20364871621131897,0.03166351467370987,0.02813129499554634,1.2127490043640137
2.2004830999999285,-0.22372934222221375,0.42179450392723083,-0.09236127138137817,0.02556234411895275,-0.04362397640943527,-0.49815523624420166,0.21613958477973938,0.03166121989488602,0.0281321182847023,1.2481863498687744
2.22008040000037,-0.24624516069889069,0.4218185842037201,-0.09052249789237976,0.02561788074672222,-0.04360320419073105,-0.4545425474643707,0.2269372195005417,0.03162127733230591,0.02814122661948204,1.2808866500854492
2.240520000000288,-0.26786351203918457,0.4218280017375946,-0.08791489899158478,0.02554648369550705,-0.04362060874700546,-0.41124042868614197,0.2320396900177002,0.03158660978078842,0.02814345806837082,1.313810110092163
2.2604576000003362,-0.28507131338119507,0.42186638712882996,-0.08387555927038193,0.025516342371702194,-0.04360266029834747,-0.37270694971084595,0.23396609723567963,0.031499817967414856,0.02815121039748192,1.34450364112854
2.280348000000231,-0.29656529426574707,0.4218623638153076,-0.07785297930240631,0.025473717600107193,-0.04355428367853165,-0.3343624472618103,0.23950468003749847,0.03137725591659546,0.02816431224346161,1.3747999668121338
2.3000850000003084,-0.3009781241416931,0.42186856269836426,-0.06919445097446442,0.025335077196359634,-0.04354853555560112,-0.2991905212402344,0.24808715283870697,0.031194064766168594,0.02814185991883278,1.406264305114746
2.3204318000002786,-0.30013471841812134,0.42189881205558777,-0.05833913013339043,0.025122711434960365,-0.043588899075984955,-0.26490795612335205,0.2559264898300171,0.031206341460347176,0.028137268498539925,1.4380438327789307
2.3401263000000654,-0.29802200198173523,0.42195671796798706,-0.04879506677389145,0.025129249319434166,-0.043578702956438065,-0.23548969626426697,0.2604328989982605,0.031204700469970703,0.028188152238726616,1.465143084526062
2.360189700000319,-0.294758677482605,0.4219073951244354,-0.04305678978562355,0.025133680552244186,-0.043548814952373505,-0.21002058684825897,0.2609306573867798,0.031207017600536346,0.02814789116382599,1.4864485263824463
2.3801852999999937,-0.29474547505378723,0.4218759536743164,-0.04141510650515556,0.0250945296138525,-0.04354845732450485,-0.19108663499355316,0.2609485685825348,0.03122889995574951,0.028176017105579376,1.4999743700027466
2.4004807999999684,-0.28323501348495483,0.421877920627594,-0.04159047454595566,0.025078317150473595,-0.04355935379862785,-0.1811661720275879,0.2609139084815979,0.03126835450530052,0.028174588456749916,1.503745675086975
2.420390900000257,-0.2602299451828003,0.42185649275779724,-0.0420592725276947,0.02501806989312172,-0.04361782968044281,-0.18195843696594238,0.26089370250701904,0.03145443648099899,0.028139177709817886,1.5009374618530273
2.440478299999995,-0.2271694540977478,0.4218822717666626,-0.042188532650470734,0.02506490983068943,-0.043573737144470215,-0.18298456072807312,0.2608869969844818,0.03180908039212227,0.02814592979848385,1.4976011514663696
2.46024239999997,-0.19046802818775177,0.4218609929084778,-0.04251846671104431,0.025094058364629745,-0.04353601485490799,-0.18323177099227905,0.26083827018737793,0.03188319876790047,0.02814587764441967,1.498128056526184
2.4805401000003258,-0.15153220295906067,0.4218544065952301,-0.04258565604686737,0.02513890713453293,-0.04354759678244591,-0.18324941396713257,0.2608310878276825,0.03187128156423569,0.028129609301686287,1.4977471828460693
2.5001311999999416,-0.11067306995391846,0.4217495918273926,-0.044930700212717056,0.02521166019141674,-0.04355738312005997,-0.1832420527935028,0.26071643829345703,0.03187110275030136,0.028129329904913902,1.4943137168884277
2.520178499999929,-0.06892021000385284,0.42173105478286743,-0.05405626446008682,0.025482039898633957,-0.04358762502670288,-0.18334753811359406,0.26069507002830505,0.031965721398591995,0.02812628448009491,1.4807977676391602
2.540477400000327,-0.026438839733600616,0.4218287467956543,-0.07022000849246979,0.02551111951470375,-0.0436207540333271,-0.18436354398727417,0.26067090034484863,0.031946465373039246,0.028128977864980698,1.4599779844284058
2.560500999999931,0.012399834580719471,0.4218057692050934,-0.09166088700294495,0.025522561743855476,-0.04361176863312721,-0.1933770775794983,0.2606204152107239,0.03186585754156113,0.028134388849139214,1.4330403804779053
2.580526700000064,0.051456011831760406,0.4218500256538391,-0.11508864164352417,0.02547514997422695,-0.04361066222190857,-0.21166113018989563,0.26058948040008545,0.031819749623537064,0.028132084757089615,1.4010100364685059
2.6003092999999353,0.09012535214424133,0.42174577713012695,-0.13643361628055573,0.025497758761048317,-0.04362501949071884,-0.23551249504089355,0.2605171799659729,0.0318061038851738,0.0281387772411108,1.3659381866455078
2.62052870000025,0.12704023718833923,0.4217340648174286,-0.15284308791160583,0.025541499257087708,-0.04362611100077629,-0.2669368386268616,0.260362446308136,0.03174305707216263,0.028135905042290688,1.3283112049102783
2.640284900000097,0.16026568412780762,0.42173850536346436,-0.1625801920890808,0.025543566793203354,-0.043672844767570496,-0.3053179979324341,0.26021406054496765,0.03170112520456314,0.028119748458266258,1.2891830205917358
2.660308100000293,0.192148357629776,0.4218599498271942,-0.1677146553993225,0.025560999289155006,-0.04370036721229553,-0.35058557987213135,0.2601237893104553,0.03172530606389046,0.028138622641563416,1.2484880685806274
2.680463099999997,0.22336427867412567,0.4218420386314392,-0.16881375014781952,0.02568737231194973,-0.043684519827365875,-0.40331196784973145,0.2600271701812744,0.03172723203897476,0.028131112456321716,1.2076137065887451
2.7004727000003186,0.2528126537799835,0.42175137996673584,-0.1687612682580948,0.026353728026151657,-0.043702132999897,-0.45969972014427185,0.259929358959198,0.03173782676458359,0.028155630454421043,1.1693248748779297
2.720400900000186,0.2818416953086853,0.42176714539527893,-0.16877102851867676,0.0263627041131258,-0.04370839148759842,-0.5184091329574585,0.25987762212753296,0.031739793717861176,0.028143230825662613,1.131622076034546
2.7405264000003626,0.3100736141204834,0.4218353033065796,-0.16884322464466095,0.0263513270765543,-0.04373724013566971,-0.5799789428710938,0.2597178816795349,0.031754203140735626,0.028140613809227943,1.094757080078125
2.760523700000249,0.3370060920715332,0.4219581186771393,-0.16883748769760132,0.026382729411125183,-0.0437430739402771,-0.6439956426620483,0.2595677971839905,0.03178670257329941,0.028136081993579865,1.0592840909957886
2.7802300000003015,0.36172622442245483,0.4219706654548645,-0.168917715549469,0.026420384645462036,-0.0437307208776474,-0.7103660106658936,0.2594827115535736,0.03179808706045151,0.028148077428340912,1.026733160018921
2.80026480000015,0.3852408230304718,0.421904593706131,-0.16899746656417847,0.026487864553928375,-0.04377856105566025,-0.7789167165756226,0.2592936158180237,0.03180995583534241,0.028146913275122643,0.9946311116218567
2.8205034000002343,0.40746966004371643,0.421899676322937,-0.16909939050674438,0.02652638405561447,-0.04377797991037369,-0.8483172059059143,0.258746862411499,0.031787753105163574,0.028138762339949608,0.9633201360702515
2.840299700000287,0.4277755618095398,0.4219185411930084,-0.1697605848312378,0.026501132175326347,-0.0437784269452095,-0.9154024720191956,0.2547592520713806,0.03182467073202133,0.02813507430255413,0.9335654973983765
2.860522299999957,0.4478006958961487,0.4219306409358978,-0.1730850338935852,0.02647976577281952,-0.04378011077642441,-0.9832468032836914,0.24258819222450256,0.031835321336984634,0.028126543387770653,0.9040821194648743
2.8804751000002398,0.4654279351234436,0.4218808114528656,-0.17936667799949646,0.02646261639893055,-0.043781425803899765,-1.0501234531402588,0.22298482060432434,0.031837865710258484,0.028128651902079582,0.8763744235038757
2.900304100000085,0.4806828498840332,0.42187535762786865,-0.18758997321128845,0.026407942175865173,-0.04377833753824234,-1.116137981414795,0.20161072909832,0.03183986246585846,0.02811579965054989,0.8499944806098938
2.9205393000002005,0.4929833710193634,0.4218789041042328,-0.19649796187877655,0.026376627385616302,-0.04377633333206177,-1.1823978424072266,0.17959386110305786,0.03188594430685043,0.02808922901749611,0.8236653804779053
2.9405782000003455,0.49803709983825684,0.4218803644180298,-0.2038024365901947,0.02636345848441124,-0.04377807304263115,-1.2468535900115967,0.1602776050567627,0.03195805102586746,0.028048012405633926,0.7988533973693848
2.960835600000337,0.49985241889953613,0.4218863844871521,-0.20928235352039337,0.026369791477918625,-0.04377826303243637,-1.3093228340148926,0.14599786698818207,0.0320637971162796,0.028058206662535667,0.7738924026489258
2.9806938000001537,0.4988866448402405,0.4218869209289551,-0.21320538222789764,0.026358680799603462,-0.043778568506240845,-1.367327332496643,0.13686907291412354,0.032358571887016296,0.028053728863596916,0.7488183379173279
3.000306500000079,0.49869799613952637,0.42190980911254883,-0.2170005738735199,0.02632124535739422,-0.043761298060417175,-1.4220588207244873,0.12996554374694824,0.032333966344594955,0.0280555821955204,0.7236162424087524
3.0203271000000314,0.49874427914619446,0.42191267013549805,-0.22050298750400543,0.026284532621502876,-0.043776802718639374,-1.473989725112915,0.12424434721469879,0.032301295548677444,0.028057271614670753,0.6968976855278015
3.0402570000001106,0.49659737944602966,0.42204737663269043,-0.22486089169979095,0.026279501616954803,-0.043764203786849976,-1.5219718217849731,0.11800531297922134,0.03223949298262596,0.028059083968400955,0.6690537929534912
3.0601652000000286,0.4775159955024719,0.4220585823059082,-0.2289460152387619,0.02624199539422989,-0.043740201741456985,-1.568967342376709,0.10923513770103455,0.03213109076023102,0.028053509071469307,0.6401598453521729
3.080187300000034,0.44890066981315613,0.42215386033058167,-0.23321184515953064,0.026247095316648483,-0.04370732977986336,-1.6126928329467773,0.09738531708717346,0.03204796463251114,0.028069812804460526,0.6096924543380737
3.100238900000022,0.41628459095954895,0.4223857522010803,-0.2376936376094818,0.02621585503220558,-0.043702177703380585,-1.653480887413025,0.08353874087333679,0.03196625038981438,0.028070718050003052,0.5797721147537231
3.1203700000000936,0.38149887323379517,0.4224597215652466,-0.24196049571037292,0.026163840666413307,-0.04370187222957611,-1.6912883520126343,0.06756173074245453,0.03172936663031578,0.028055861592292786,0.5520637035369873
3.1402133999999933,0.34681299328804016,0.42252716422080994,-0.24640768766403198,0.025625726208090782,-0.043701402842998505,-1.728392481803894,0.051714129745960236,0.031669989228248596,0.028063349425792694,0.5247008800506592
3.1602873000001637,0.3108435273170471,0.4225414991378784,-0.2512581944465637,0.025318529456853867,-0.04369881749153137,-1.764075756072998,0.03692329674959183,0.03167836368083954,0.028072239831089973,0.4977482557296753
3.1804203000001507,0.2740512192249298,0.4225335121154785,-0.2569887936115265,0.025309573858976364,-0.04369358718395233,-1.798912525177002,0.023499561473727226,0.03167334198951721,0.02807549387216568,0.47203317284584045
3.2002543000003243,0.23851898312568665,0.42256149649620056,-0.2628445029258728,0.025330539792776108,-0.04368007928133011,-1.8318841457366943,0.011063123121857643,0.03166031464934349,0.02806146629154682,0.448026180267334
3.22044410000035,0.20309746265411377,0.42254453897476196,-0.26770538091659546,0.02539520151913166,-0.0436682403087616,-1.8643015623092651,-0.0021154596470296383,0.03164411336183548,0.028074687346816063,0.42350319027900696
3.2403722000003654,0.1696118712425232,0.4225105941295624,-0.2718649208545685,0.02547811158001423,-0.04369981959462166,-1.8914304971694946,-0.01148032397031784,0.03158482164144516,0.028054254129529,0.4003853499889374
3.2602678000002925,0.13723334670066833,0.42249855399131775,-0.2756451964378357,0.025622546672821045,-0.04370453953742981,-1.9129796028137207,-0.017682071775197983,0.03147897869348526,0.02805211953818798,0.3786386251449585
3.280514700000367,0.10489790886640549,0.4225228428840637,-0.27954357862472534,0.025615276768803596,-0.043705664575099945,-1.9275494813919067,-0.02033999003469944,0.031425610184669495,0.02806702069938183,0.35963577032089233
3.3005120000002535,0.07492653280496597,0.4225205183029175,-0.28196150064468384,0.02560947835445404,-0.04370751976966858,-1.9319008588790894,-0.02293224073946476,0.031419798731803894,0.028058456256985664,0.34537506103515625
3.3204955999999584,0.0467529222369194,0.4225209653377533,-0.28369706869125366,0.02560981921851635,-0.0437050461769104,-1.9286086559295654,-0.023668749257922173,0.03137041628360748,0.028078807517886162,0.33653342723846436
3.340513600000122,0.019030485302209854,0.42246824502944946,-0.2841646671295166,0.02563139796257019,-0.043714459985494614,-1.9192140102386475,-0.023647883906960487,0.03136327117681503,0.02806280553340912,0.3359854221343994
3.3604067000001123,-0.00808317493647337,0.4224487841129303,-0.2841051518917084,0.02556771971285343,-0.04370774328708649,-1.902514100074768,-0.02365361526608467,0.03136999160051346,0.028057340532541275,0.33810514211654663
3.3801133000001755,-0.03412235155701637,0.4224327504634857,-0.2839881181716919,0.02544107474386692,-0.04368080198764801,-1.8786284923553467,-0.02365162782371044,0.03145281970500946,0.02808741293847561,0.3380874991416931
3.4005341000001863,-0.06217513605952263,0.42254146933555603,-0.283147394657135,0.02525942586362362,-0.04366287216544151,-1.8474749326705933,-0.023572465404868126,0.031437948346138,0.02807600423693657,0.3380947709083557
3.420481000000109,-0.08858764916658401,0.42242226004600525,-0.28142720460891724,0.025281023234128952,-0.043642885982990265,-1.81232750415802,-0.023512162268161774,0.031463366001844406,0.028074150905013084,0.3381764888763428
3.440187000000151,-0.11352619528770447,0.4224688410758972,-0.27877897024154663,0.025325512513518333,-0.04365374147891998,-1.7701749801635742,-0.023470992222428322,0.03158494830131531,0.028069956228137016,0.3384627103805542
3.460332600000129,-0.13946223258972168,0.42250940203666687,-0.27333980798721313,0.025312982499599457,-0.04369949549436569,-1.721062421798706,-0.023351898416876793,0.031681135296821594,0.028094986453652382,0.33973145484924316
3.4804110000000037,-0.1642414927482605,0.4225088655948639,-0.26698797941207886,0.02546895295381546,-0.0437617190182209,-1.668083667755127,-0.023208092898130417,0.031742896884679794,0.02806500717997551,0.3483748733997345
3.500144300000102,-0.18649053573608398,0.422556608915329,-0.25947076082229614,0.025579096749424934,-0.04377925395965576,-1.6170819997787476,-0.023156069219112396,0.03178764879703522,0.028089184314012527,0.36700576543807983
3.5205055999999786,-0.20670533180236816,0.42254945635795593,-0.2508436441421509,0.025609351694583893,-0.0437813401222229,-1.565793752670288,-0.023109551519155502,0.031800661236047745,0.02810572274029255,0.394890159368515
3.540334900000289,-0.22284916043281555,0.4225356876850128,-0.2431209683418274,0.02615898847579956,-0.04380318894982338,-1.515274167060852,-0.023043520748615265,0.031825482845306396,0.02807992696762085,0.4285358786582947
3.560378800000308,-0.23600317537784576,0.42254576086997986,-0.2362918108701706,0.026359232142567635,-0.043781578540802,-1.46323561668396,-0.023051448166370392,0.031806133687496185,0.028086936101317406,0.46924877166748047
3.5803980000000593,-0.2432282716035843,0.4225417375564575,-0.22955451905727386,0.02635383792221546,-0.04377830773591995,-1.4082410335540771,-0.022734815254807472,0.03176741302013397,0.02809320203959942,0.5122114419937134
3.6000959000002695,-0.2466428577899933,0.4225505590438843,-0.22164393961429596,0.026351509615778923,-0.043777644634246826,-1.3522080183029175,-0.0226899441331625,0.03175293281674385,0.028102830052375793,0.5559142827987671
3.6204724000003807,-0.24631796777248383,0.4225519299507141,-0.21162152290344238,0.026332050561904907,-0.0437747985124588,-1.2964630126953125,-0.02233201079070568,0.031559769064188004,0.02813427895307541,0.601019024848938
3.640500500000144,-0.24623313546180725,0.4225645661354065,-0.2006608545780182,0.026320884004235268,-0.04377679526805878,-1.2427268028259277,-0.020365197211503983,0.03154989331960678,0.028130603954195976,0.6467252373695374
3.660532500000045,-0.24613328278064728,0.4225495755672455,-0.18930725753307343,0.026322629302740097,-0.04378023371100426,-1.1887593269348145,-0.011619525030255318,0.03157894313335419,0.028134703636169434,0.6926248073577881
3.6804994000003717,-0.24608351290225983,0.42252281308174133,-0.17853930592536926,0.026313716545701027,-0.043778300285339355,-1.135624885559082,0.004736138042062521,0.031532518565654755,0.028130657970905304,0.7374973893165588
3.700132599999961,-0.23446166515350342,0.42278003692626953,-0.16981536149978638,0.026297813281416893,-0.043774910271167755,-1.084972858428955,0.026033451780676842,0.031584516167640686,0.028137825429439545,0.7812660336494446
3.7201726000002964,-0.21168340742588043,0.4227086305618286,-0.16332074999809265,0.026316972449421883,-0.043749257922172546,-1.0333869457244873,0.045282233506441116,0.031586915254592896,0.028138909488916397,0.8242663145065308
3.740267700000004,-0.18387426435947418,0.4227215647697449,-0.15916290879249573,0.026285402476787567,-0.04373808950185776,-0.9829273223876953,0.06127290055155754,0.03158652037382126,0.028156012296676636,0.866370677947998
3.7601167000002533,-0.15512067079544067,0.4225904643535614,-0.15541347861289978,0.02624518796801567,-0.04373365640640259,-0.9331994652748108,0.07385760545730591,0.03155942261219025,0.02816052734851837,0.9055920243263245
3.780114600000161,-0.12372726947069168,0.4226154685020447,-0.1518932729959488,0.02623523212969303,-0.043711453676223755,-0.8833337426185608,0.08590633422136307,0.03151743859052658,0.02821052074432373,0.9442847967147827
3.800250100000085,-0.09148460626602173,0.42263346910476685,-0.14753523468971252,0.02623598650097847,-0.043715864419937134,-0.8350631594657898,0.09648807346820831,0.031447675079107285,0.028190139681100845,0.9815061688423157
3.8204845000000205,-0.05868074297904968,0.4226989448070526,-0.14276914298534393,0.02623584493994713,-0.04371429979801178,-0.7864707708358765,0.10642106831073761,0.03134319186210632,0.028198497369885445,1.0190370082855225
3.8404450000002726,-0.026699837297201157,0.4226997196674347,-0.13797461986541748,0.02623242884874344,-0.04370143637061119,-0.7376264333724976,0.11816492676734924,0.03135178983211517,0.028209643438458443,1.0550711154937744
3.8604997000002186,0.004599817097187042,0.4226645827293396,-0.13265830278396606,0.026224765926599503,-0.043700382113456726,-0.691908597946167,0.1294124573469162,0.031354665756225586,0.02820979431271553,1.0912516117095947
3.880454699999973,0.035626210272312164,0.42270177602767944,-0.12705135345458984,0.026219302788376808,-0.04370300471782684,-0.6482490301132202,0.14002086222171783,0.031376685947179794,0.02818959765136242,1.1255842447280884
3.9004727999999886,0.06833455711603165,0.42271286249160767,-0.1215328723192215,0.02621946670114994,-0.04370739310979843,-0.6076563000679016,0.15180256962776184,0.0314573273062706,0.028164874762296677,1.1588752269744873
3.920436000000336,0.10055486857891083,0.42272117733955383,-0.11607744544744492,0.026220133528113365,-0.04370955377817154,-0.5667614936828613,0.16428525745868683,0.031538210809230804,0.02819317765533924,1.1902369260787964
3.9404364000001806,0.13309454917907715,0.4227261543273926,-0.11087208241224289,0.02624225802719593,-0.04365040361881256,-0.526456356048584,0.17924335598945618,0.03156505525112152,0.02816503308713436,1.219455599784851
3.9603581000001213,0.1648160219192505,0.4227241277694702,-0.10542807728052139,0.026202449575066566,-0.04368568956851959,-0.48741719126701355,0.19527795910835266,0.03157126158475876,0.02815571054816246,1.246942162513733
3.9804183000001103,0.19567815959453583,0.42269372940063477,-0.09948926419019699,0.026142822578549385,-0.04368629306554794,-0.45241180062294006,0.2106141746044159,0.03157539293169975,0.028160396963357925,1.2721400260925293
4.000524300000052,0.22584228217601776,0.4227396249771118,-0.09268292784690857,0.026117617264389992,-0.043665263801813126,-0.4183030426502228,0.22524410486221313,0.0315849706530571,0.028173204511404037,1.2965025901794434
4.02052840000033,0.2546682357788086,0.4227304756641388,-0.08436530828475952,0.026107294484972954,-0.0436297208070755,-0.38741984963417053,0.2374916970729828,0.03151097148656845,0.0281648188829422,1.322338581085205
4.040185000000292,0.2824241518974304,0.4227282404899597,-0.07409921288490295,0.02607347071170807,-0.04362964257597923,-0.3578602969646454,0.25019532442092896,0.03152082860469818,0.02817160077393055,1.348606824874878
4.060238000000027,0.3098177909851074,0.42274022102355957,-0.06229297071695328,0.025886502116918564,-0.04362494498491287,-0.33192354440689087,0.26149922609329224,0.031521156430244446,0.028179282322525978,1.3770323991775513
4.080324500000188,0.33602333068847656,0.4228128492832184,-0.05045299604535103,0.025672966614365578,-0.043633729219436646,-0.31174436211586,0.2702872157096863,0.03151761367917061,0.028177693486213684,1.407104253768921
4.100375400000303,0.3607877492904663,0.422754168510437,-0.04003510624170303,0.025680089369416237,-0.043624475598335266,-0.29482370615005493,0.2813001871109009,0.031553201377391815,0.02816459722816944,1.4370418787002563
4.120242599999983,0.3845994174480438,0.4227795898914337,-0.03171125054359436,0.02568083629012108,-0.04355473071336746,-0.2798188626766205,0.29277485609054565,0.03157521039247513,0.02816646732389927,1.465610384941101
4.140497500000038,0.40796321630477905,0.4228771924972534,-0.02480330877006054,0.025545140728354454,-0.043579112738370895,-0.2681654393672943,0.30226483941078186,0.03157325088977814,0.0281741414219141,1.4925847053527832
4.160490100000061,0.430469810962677,0.42320606112480164,-0.019821137189865112,0.02522915042936802,-0.04359167814254761,-0.26322004199028015,0.3107020854949951,0.03159535303711891,0.028203990310430527,1.515514850616455
4.180488100000275,0.45245712995529175,0.4241233170032501,-0.017787989228963852,0.025257861241698265,-0.0435691773891449,-0.2635432183742523,0.31660574674606323,0.03159511461853981,0.028200866654515266,1.5351980924606323
4.200451500000327,0.4729654788970947,0.42440491914749146,-0.01781712844967842,0.02537091262638569,-0.04358528554439545,-0.263542115688324,0.3166843056678772,0.03157639503479004,0.028209468349814415,1.5499736070632935
4.220467900000131,0.4922565221786499,0.42441248893737793,-0.017973314970731735,0.0255667045712471,-0.0436316579580307,-0.26357847452163696,0.3166730999946594,0.031713999807834625,0.02819926291704178,1.5580260753631592
4.2404662000003555,0.5096361637115479,0.42454272508621216,-0.018426794558763504,0.02585514262318611,-0.04356404021382332,-0.2637867331504822,0.3166300058364868,0.03178343549370766,0.028147099539637566,1.5561846494674683
4.2601159000000735,0.5244932174682617,0.42457470297813416,-0.018466267734766006,0.025892211124300957,-0.043550971895456314,-0.26547956466674805,0.316644549369812,0.03183390200138092,0.028135858476161957,1.548429250717163
4.280129100000067,0.5357583165168762,0.4251873791217804,-0.02196321077644825,0.025546636432409286,-0.043583668768405914,-0.2734319567680359,0.31661003828048706,0.03219231963157654,0.028119023889303207,1.534406304359436
4.300419200000306,0.5447496175765991,0.4256224036216736,-0.03196743130683899,0.025960292667150497,-0.043626926839351654,-0.28759196400642395,0.3165591359138489,0.032404832541942596,0.028105130419135094,1.5126091241836548
4.320543600000292,0.5490723252296448,0.42595812678337097,-0.047066010534763336,0.025869721546769142,-0.0435948371887207,-0.3079254925251007,0.3165102005004883,0.03240956366062164,0.028110548853874207,1.4861277341842651
4.340454200000295,0.5481840968132019,0.42623239755630493,-0.06718291342258453,0.025904716923832893,-0.04362430050969124,-0.3362191915512085,0.3163778781890869,0.03232922777533531,0.028122615069150925,1.4568181037902832
4.360168200000317,0.5473349094390869,0.4263676404953003,-0.09001560509204865,0.025950342416763306,-0.043615829199552536,-0.3718695640563965,0.3162102997303009,0.03219267353415489,0.02813379094004631,1.4264843463897705
4.380223300000125,0.5471373796463013,0.42656409740448,-0.11147290468215942,0.026333624497056007,-0.04363454878330231,-0.41100987792015076,0.3147709369659424,0.032042957842350006,0.028112497180700302,1.392974615097046
4.400551200000336,0.5465164184570312,0.42679503560066223,-0.12848401069641113,0.026409048587083817,-0.04367504641413689,-0.4562087953090668,0.3094850778579712,0.03192419558763504,0.028114374727010727,1.355421543121338
4.420143700000153,0.537933349609375,0.4272066652774811,-0.13987509906291962,0.026673318818211555,-0.04370525851845741,-0.5028331279754639,0.3002482056617737,0.03187398612499237,0.028114553540945053,1.3167672157287598
4.440220400000271,0.5162912011146545,0.4277364909648895,-0.14638690650463104,0.026849010959267616,-0.043769389390945435,-0.5542546510696411,0.28667151927948,0.03183203935623169,0.028123123571276665,1.2746193408966064
4.460241799999949,0.4906565248966217,0.4303501844406128,-0.14776232838630676,0.027076425030827522,-0.0437760204076767,-0.6095190644264221,0.26907435059547424,0.03186095505952835,0.02809074893593788,1.2308030128479004
4.480117500000233,0.45982277393341064,0.43455496430397034,-0.14781518280506134,0.027401823550462723,-0.04377848654985428,-0.6665816307067871,0.2515706717967987,0.03187704086303711,0.028124740347266197,1.1890233755111694
4.500282500000139,0.4263741075992584,0.43714475631713867,-0.14848071336746216,0.027754181995987892,-0.0437765046954155,-0.728271484375,0.23706862330436707,0.03188665211200714,0.02812599577009678,1.1490089893341064
4.520068600000286,0.3918674886226654,0.4372650980949402,-0.15041784942150116,0.03433352708816528,-0.04378566890954971,-0.7929062843322754,0.226789191365242,0.03189843147993088,0.028124142438173294,1.1115328073501587
4.540475499999957,0.35669925808906555,0.4382396936416626,-0.15257179737091064,0.04949672520160675,-0.04377560690045357,-0.8625435829162598,0.22271466255187988,0.031929418444633484,0.02808770351111889,1.0717484951019287
4.560492900000099,0.32272255420684814,0.43944159150123596,-0.15487270057201385,0.06649018079042435,-0.043752338737249374,-0.9326935410499573,0.22083784639835358,0.03199009597301483,0.028073878958821297,1.0327485799789429
4.580435500000021,0.2879871726036072,0.43990522623062134,-0.15684062242507935,0.08276695013046265,-0.04376104474067688,-1.003037929534912,0.21804414689540863,0.03200404345989227,0.028080416843295097,0.9949724674224854
4.600433600000088,0.25331783294677734,0.4401869773864746,-0.15955865383148193,0.09337946772575378,-0.043773353099823,-1.0744019746780396,0.21779321134090424,0.031990550458431244,0.0281117744743824,0.959439218044281
4.620429300000069,0.2192300260066986,0.4406600594520569,-0.163036048412323,0.09636938571929932,-0.043755173683166504,-1.146073818206787,0.21777677536010742,0.03195580840110779,0.028119778260588646,0.9265018105506897
4.640430700000252,0.18600022792816162,0.4409150183200836,-0.16925352811813354,0.09415747970342636,-0.043775156140327454,-1.216066598892212,0.21776656806468964,0.03189300000667572,0.028121763840317726,0.8963216543197632
4.660241600000063,0.15581542253494263,0.4409923851490021,-0.17785784602165222,0.09625217318534851,-0.043778110295534134,-1.2829599380493164,0.2177475243806839,0.03188826143741608,0.0281080212444067,0.8687503933906555
4.680237500000203,0.12609294056892395,0.44101136922836304,-0.18778228759765625,0.09605759382247925,-0.04377831518650055,-1.3473222255706787,0.21775071322917938,0.031883709132671356,0.028111176565289497,0.8411754965782166
4.700096700000358,0.0967656672000885,0.44106900691986084,-0.19704943895339966,0.0959511324763298,-0.043800678104162216,-1.4076900482177734,0.21775446832180023,0.03190881758928299,0.02810591273009777,0.8129063248634338
4.720426000000316,0.06933164596557617,0.44104206562042236,-0.20387402176856995,0.0958954468369484,-0.04384351521730423,-1.465482234954834,0.21774213016033173,0.03191973268985748,0.02810167334973812,0.7829126715660095
4.74042610000015,0.0432162769138813,0.4409981369972229,-0.20845147967338562,0.09593994170427322,-0.0438382513821125,-1.5192948579788208,0.21772366762161255,0.031920723617076874,0.02809087745845318,0.7514391541481018
4.760427700000037,0.0175350122153759,0.44097769260406494,-0.21115116775035858,0.09594493359327316,-0.043814122676849365,-1.5714658498764038,0.21771295368671417,0.03194916248321533,0.028092650696635246,0.7175352573394775
4.780152400000134,-0.007125890348106623,0.440934419631958,-0.21470759809017181,0.09593778103590012,-0.04378644749522209,-1.6196277141571045,0.21768280863761902,0.031946323812007904,0.028077155351638794,0.681130051612854
4.8004277,-0.03149755299091339,0.44097039103507996,-0.21919633448123932,0.09594235569238663,-0.04378128796815872,-1.6655734777450562,0.217698335647583,0.03196823596954346,0.028094613924622536,0.6420698761940002
4.8203763000001345,-0.056690581142902374,0.44096389412879944,-0.22621668875217438,0.09592585265636444,-0.04378886520862579,-1.7084126472473145,0.2176860123872757,0.03196901082992554,0.028093378990888596,0.6026079654693604
4.840426100000059,-0.08170323818922043,0.44096410274505615,-0.2359398752450943,0.09592274576425552,-0.04378403350710869,-1.7479594945907593,0.21767635643482208,0.031972065567970276,0.028107265010476112,0.5630050897598267
4.860414900000251,-0.10634087026119232,0.44095876812934875,-0.24702338874340057,0.0958775132894516,-0.043779052793979645,-1.7848585844039917,0.2176550328731537,0.031972527503967285,0.028092283755540848,0.5233923196792603
4.880163799999991,-0.13079357147216797,0.4409654438495636,-0.25836554169654846,0.09586469829082489,-0.043778397142887115,-1.8179250955581665,0.2176527976989746,0.03195950388908386,0.028086598962545395,0.4848048686981201
4.900465500000337,-0.15478482842445374,0.4410143196582794,-0.2697060704231262,0.09587087482213974,-0.043774500489234924,-1.849341630935669,0.2176324725151062,0.031947460025548935,0.02808947116136551,0.4449368715286255
4.920297500000288,-0.17695540189743042,0.4409877061843872,-0.2802433371543884,0.09580131620168686,-0.04377824813127518,-1.875908613204956,0.2175726592540741,0.03196098655462265,0.028090249747037888,0.40482959151268005
4.940438900000117,-0.19663850963115692,0.441025048494339,-0.2917592525482178,0.0957479253411293,-0.04377838969230652,-1.8991643190383911,0.2156389355659485,0.03197111189365387,0.028068723157048225,0.36207783222198486
4.960205400000177,-0.21245938539505005,0.44100844860076904,-0.3042641878128052,0.09573215991258621,-0.04377850145101547,-1.9213318824768066,0.19928626716136932,0.03197051212191582,0.02807384915649891,0.31917908787727356
4.9802199000000655,-0.22214165329933167,0.44103461503982544,-0.31718719005584717,0.09578476846218109,-0.043778229504823685,-1.9439128637313843,0.1695885807275772,0.03196209669113159,0.028087010607123375,0.2770625352859497
5.000419700000293,-0.2302919179201126,0.44104140996932983,-0.32888007164001465,0.09579740464687347,-0.04377845674753189,-1.9636775255203247,0.13467442989349365,0.031929515302181244,0.028089268133044243,0.24061012268066406
5.020442200000161,-0.23072423040866852,0.44098013639450073,-0.33827686309814453,0.09583184123039246,-0.04377080127596855,-1.9784467220306396,0.10642268508672714,0.03189234435558319,0.02809714898467064,0.21238993108272552
5.040421300000162,-0.23030969500541687,0.44097578525543213,-0.3452359139919281,0.09585461020469666,-0.04377692565321922,-1.9901821613311768,0.08736273646354675,0.03182286396622658,0.02809142880141735,0.19310854375362396
5.060135300000184,-0.22987782955169678,0.4409615397453308,-0.3507631719112396,0.09582168608903885,-0.04377447068691254,-1.998980164527893,0.0785377100110054,0.031737156212329865,0.02807333879172802,0.18387284874916077
5.080241399999977,-0.22616896033287048,0.4409613609313965,-0.3558759391307831,0.09579448401927948,-0.04377821087837219,-2.004779100418091,0.07614543288946152,0.03180187940597534,0.02805396169424057,0.1818147599697113
5.100266899999951,-0.2197883278131485,0.44085806608200073,-0.3597959876060486,0.09576329588890076,-0.04375499486923218,-2.005739688873291,0.07614722847938538,0.031805310398340225,0.028072161599993706,0.18056488037109375
5.120307200000298,-0.20336486399173737,0.44089803099632263,-0.3634444773197174,0.09575922042131424,-0.04372198134660721,-2.005568265914917,0.07612781971693039,0.03174936771392822,0.028063876554369926,0.18066737055778503
5.140095800000381,-0.18178346753120422,0.44087475538253784,-0.3646622896194458,0.09577924013137817,-0.04371024668216705,-2.004359722137451,0.07614348083734512,0.031740933656692505,0.02807663567364216,0.1806682050228119
5.160114700000122,-0.15774177014827728,0.44087231159210205,-0.36465758085250854,0.095784492790699,-0.04370727390050888,-1.9991929531097412,0.07621648907661438,0.03161899745464325,0.02807132713496685,0.1806792914867401
5.180423300000257,-0.13140352070331573,0.4408434331417084,-0.36463916301727295,0.09582280367612839,-0.04371780902147293,-1.9870572090148926,0.07627906650304794,0.031582411378622055,0.028074724599719048,0.18075214326381683
5.200140899999951,-0.10407248139381409,0.44082874059677124,-0.36463016271591187,0.09582877904176712,-0.043711092323064804,-1.9680157899856567,0.07630518078804016,0.03157857060432434,0.028100712224841118,0.18078657984733582
5.220220100000006,-0.07464824616909027,0.4408697783946991,-0.3645808696746826,0.09574433416128159,-0.04371262341737747,-1.942328929901123,0.07631689310073853,0.03160702437162399,0.028100334107875824,0.18085065484046936
5.240252900000087,-0.04278765618801117,0.4408832788467407,-0.36446037888526917,0.0957222729921341,-0.04370338097214699,-1.910668134689331,0.0763421356678009,0.03164130076766014,0.028093306347727776,0.18100321292877197
5.260373100000379,-0.01071854680776596,0.44092240929603577,-0.3643200993537903,0.09568712115287781,-0.043727561831474304,-1.8755615949630737,0.07636488229036331,0.031674616038799286,0.028092768043279648,0.18120627105236053
5.280533999999989,0.022698428481817245,0.4409031271934509,-0.36420339345932007,0.09570369869470596,-0.043716952204704285,-1.8365765810012817,0.07641478627920151,0.031746722757816315,0.028062662109732628,0.18156321346759796
5.300135800000135,0.0565667599439621,0.44094809889793396,-0.36404022574424744,0.09567756950855255,-0.04373133182525635,-1.7979637384414673,0.07646497339010239,0.031781237572431564,0.028086883947253227,0.1839146912097931
5.320233000000371,0.09225989133119583,0.44093725085258484,-0.3636437654495239,0.09571661800146103,-0.04376806318759918,-1.7562971115112305,0.07650922983884811,0.03177700936794281,0.028085440397262573,0.19540143013000488
5.340395600000193,0.12901157140731812,0.4409734308719635,-0.3627869486808777,0.09574393182992935,-0.043778058141469955,-1.7144602537155151,0.07651916891336441,0.031754158437252045,0.02811957150697708,0.21818414330482483
5.360199400000056,0.1650928258895874,0.441007137298584,-0.3625760078430176,0.09577693790197372,-0.04377826303243637,-1.670230746269226,0.07652349770069122,0.031743571162223816,0.028100542724132538,0.2510462701320648
5.380091800000173,0.20087522268295288,0.4410240948200226,-0.36257803440093994,0.09579694271087646,-0.04377642273902893,-1.6243363618850708,0.07654225826263428,0.03171931207180023,0.02811131440103054,0.29362523555755615
5.400407600000108,0.2377653419971466,0.44107821583747864,-0.3622751832008362,0.09580522030591965,-0.04377319663763046,-1.574240803718567,0.07660149782896042,0.03169669210910797,0.02811707742512226,0.3439371585845947
5.420121399999971,0.2726318836212158,0.4410593509674072,-0.3605971038341522,0.09578441828489304,-0.04376315325498581,-1.523401141166687,0.07672899961471558,0.03164789825677872,0.028126012533903122,0.39733701944351196
5.440435500000149,0.30796629190444946,0.44113224744796753,-0.3539901375770569,0.09572794288396835,-0.04376150667667389,-1.4709177017211914,0.07675738632678986,0.03163014352321625,0.028112128376960754,0.45475634932518005
5.460534100000132,0.341096967458725,0.44115403294563293,-0.34172195196151733,0.09573369473218918,-0.043778106570243835,-1.4167872667312622,0.0767708420753479,0.031631164252758026,0.028101691976189613,0.5144709348678589
5.480160200000228,0.37255221605300903,0.44124120473861694,-0.3267718553543091,0.09574756026268005,-0.04377833753824234,-1.3626813888549805,0.07677528262138367,0.03166777640581131,0.028115082532167435,0.5750858783721924
5.50016370000003,0.40375036001205444,0.44118067622184753,-0.3103742003440857,0.09578415751457214,-0.04377817362546921,-1.3079733848571777,0.07691552489995956,0.03164093196392059,0.02813410572707653,0.6383882761001587
5.520149500000116,0.43272048234939575,0.44127652049064636,-0.2935527563095093,0.09578584879636765,-0.043778300285339355,-1.2527709007263184,0.07849523425102234,0.031636979430913925,0.028126457706093788,0.70213782787323
5.540352400000302,0.4592740833759308,0.4413752257823944,-0.27749401330947876,0.09579465538263321,-0.04373343661427498,-1.197260856628418,0.08185531944036484,0.03166285902261734,0.02812490053474903,0.7656732201576233
5.560247200000049,0.4824002981185913,0.44152435660362244,-0.26206374168395996,0.09576679766178131,-0.04374689236283302,-1.144495964050293,0.08391702175140381,0.031665168702602386,0.0281349066644907,0.8263012170791626
5.580332700000326,0.5010587573051453,0.4415886402130127,-0.2467365711927414,0.09571729600429535,-0.04374227672815323,-1.0923656225204468,0.08885544538497925,0.03166680783033371,0.02813315950334072,0.8849326968193054
5.600203700000293,0.5150009989738464,0.4416261315345764,-0.2324388474225998,0.0956944078207016,-0.04374169558286667,-1.0396620035171509,0.09443512558937073,0.031665824353694916,0.02813744731247425,0.9405970573425293
5.620431499999995,0.5257895588874817,0.4416345953941345,-0.22000351548194885,0.09569791704416275,-0.043708495795726776,-0.9866276979446411,0.10239157825708389,0.031653910875320435,0.028139134868979454,0.9948082566261292
5.640402500000164,0.5286887884140015,0.4416113495826721,-0.2099340260028839,0.09568861871957779,-0.04370253533124924,-0.9346266984939575,0.11222996562719345,0.03165534883737564,0.028137950226664543,1.0454134941101074
5.6603979999999865,0.5286909937858582,0.4415677785873413,-0.20165520906448364,0.0957067459821701,-0.04370206221938133,-0.8827999830245972,0.1219356432557106,0.03163331747055054,0.02817004732787609,1.092727541923523
5.68012250000038,0.5277217626571655,0.4415600895881653,-0.19493044912815094,0.09572111815214157,-0.04369600489735603,-0.8327746391296387,0.12883007526397705,0.03165333718061447,0.028194788843393326,1.135670781135559
5.700396900000214,0.5224146842956543,0.44160741567611694,-0.18942514061927795,0.09574452042579651,-0.04370221495628357,-0.7820417284965515,0.13326436281204224,0.031642526388168335,0.028204260393977165,1.1779403686523438
5.720069299999977,0.5190865397453308,0.4416079521179199,-0.18641407787799835,0.09574880450963974,-0.04369194060564041,-0.7338299751281738,0.13526973128318787,0.031625472009181976,0.028202073648571968,1.2156181335449219
5.740398400000231,0.512292206287384,0.44159945845603943,-0.1853044629096985,0.09571046382188797,-0.043697211891412735,-0.6884407997131348,0.13532879948616028,0.03163399174809456,0.028201481327414513,1.2524535655975342
5.760397800000192,0.49817386269569397,0.44161295890808105,-0.18414440751075745,0.09570587426424026,-0.04370106756687164,-0.6455376148223877,0.1359652578830719,0.03167148679494858,0.028220195323228836,1.2854918241500854
5.780076200000167,0.48000872135162354,0.44157859683036804,-0.18152427673339844,0.09570302069187164,-0.04368577152490616,-0.6076836585998535,0.1400110125541687,0.0317113883793354,0.02822546847164631,1.3171916007995605
5.800415800000337,0.4560841917991638,0.4415786862373352,-0.17960301041603088,0.09571575373411179,-0.04367319494485855,-0.5721434950828552,0.15054871141910553,0.03175655007362366,0.028213094919919968,1.3484809398651123
5.820375499999955,0.42870280146598816,0.44160568714141846,-0.17972397804260254,0.09571873396635056,-0.043664395809173584,-0.542357325553894,0.16250327229499817,0.03179430589079857,0.028188617900013924,1.3796124458312988
5.8404153000001315,0.3991750180721283,0.4416026771068573,-0.1797027587890625,0.0957123413681984,-0.04367489740252495,-0.5164533853530884,0.17383722960948944,0.03178621828556061,0.028193991631269455,1.4120134115219116
5.860350299999936,0.3687497675418854,0.44153761863708496,-0.17965388298034668,0.09572570025920868,-0.043671756982803345,-0.4933183491230011,0.1827378123998642,0.031762804836034775,0.02820753864943981,1.443936824798584
5.880356600000141,0.33750489354133606,0.4415126442909241,-0.1794191300868988,0.09577254205942154,-0.04364445060491562,-0.47234678268432617,0.18671296536922455,0.0317254513502121,0.028264308348298073,1.476985216140747
5.900406300000213,0.3058829605579376,0.4414810240268707,-0.17744848132133484,0.09578626602888107,-0.04367869719862938,-0.45269447565078735,0.18934021890163422,0.031646985560655594,0.028285060077905655,1.5122530460357666
5.920253900000262,0.27472883462905884,0.44156184792518616,-0.17160338163375854,0.0957559123635292,-0.043671078979969025,-0.4343973994255066,0.1913050413131714,0.031534336507320404,0.028242599219083786,1.5482484102249146
5.940249100000074,0.2451820820569992,0.4414912760257721,-0.16482993960380554,0.095771424472332,-0.04369910806417465,-0.4188978374004364,0.19329999387264252,0.031173178926110268,0.028261303901672363,1.5828392505645752
5.960473800000273,0.2172756940126419,0.4414790868759155,-0.158905029296875,0.09578797966241837,-0.04367440193891525,-0.40731680393218994,0.19992555677890778,0.031052468344569206,0.02828209288418293,1.6131550073623657
5.980106500000147,0.18990975618362427,0.44147300720214844,-0.1549350619316101,0.09580910950899124,-0.043668702244758606,-0.4009525179862976,0.20838424563407898,0.031140781939029694,0.028264708817005157,1.6377909183502197
6.000376299999971,0.16134992241859436,0.4414936304092407,-0.1537739336490631,0.09579465538263321,-0.043636247515678406,-0.40006640553474426,0.21633826196193695,0.03155682981014252,0.02823793888092041,1.6568869352340698
6.020497500000147,0.1325562298297882,0.4415469169616699,-0.153795525431633,0.09571322798728943,-0.043659090995788574,-0.40116551518440247,0.2182024121284485,0.03169868886470795,0.028219513595104218,1.6680852174758911
6.0404811000003065,0.10700204223394394,0.44153791666030884,-0.15379798412322998,0.09571565687656403,-0.04363441467285156,-0.40121936798095703,0.2186911255121231,0.031710654497146606,0.028228117153048515,1.6712497472763062
6.060079600000336,0.08530408889055252,0.4415295124053955,-0.15380318462848663,0.09571347385644913,-0.04365678131580353,-0.4011400043964386,0.21869319677352905,0.031682223081588745,0.028202293440699577,1.6708729267120361
6.080522800000381,0.06581050157546997,0.4414941072463989,-0.15382550656795502,0.09571973979473114,-0.04365196079015732,-0.4010935127735138,0.21868997812271118,0.03170040622353554,0.028219811618328094,1.6708275079727173
6.1003905000002305,0.05012580752372742,0.44149211049079895,-0.15384885668754578,0.09573019295930862,-0.04364051669836044,-0.4010884463787079,0.2186916321516037,0.03168556094169617,0.028192419558763504,1.6706576347351074
6.120387100000244,0.0378599539399147,0.44149482250213623,-0.15383806824684143,0.09572717547416687,-0.043630339205265045,-0.40109187364578247,0.21868890523910522,0.03166545182466507,0.028215469792485237,1.668776512145996
6.140072600000167,0.029343262314796448,0.441527783870697,-0.1538114845752716,0.09573008120059967,-0.04363303631544113,-0.4010826349258423,0.21867452561855316,0.031659435480833054,0.02817671187222004,1.6558146476745605
6.160166900000149,0.026408743113279343,0.44148221611976624,-0.15380212664604187,0.09573226422071457,-0.043633803725242615,-0.4010847806930542,0.21869155764579773,0.03165934979915619,0.028182435780763626,1.6324150562286377
6.18041089999997,0.026336167007684708,0.44147366285324097,-0.15379834175109863,0.0957464799284935,-0.04363902658224106,-0.4010581374168396,0.21859042346477509,0.03162049874663353,0.02819642424583435,1.6020662784576416
6.200525200000357,0.02656867727637291,0.4415237307548523,-0.15375183522701263,0.09571092575788498,-0.0436282753944397,-0.40097323060035706,0.2185668796300888,0.031605444848537445,0.028201190754771233,1.565110683441162
6.220421400000305,0.02853887714445591,0.44149553775787354,-0.15366491675376892,0.09565532952547073,-0.04363624006509781,-0.40095436573028564,0.21854065358638763,0.031581077724695206,0.028206592425704002,1.5232826471328735
6.240474100000029,0.030160611495375633,0.4415021240711212,-0.1524650752544403,0.09563826769590378,-0.04362954571843147,-0.4009767174720764,0.21852022409439087,0.03154908865690231,0.028201157227158546,1.4787962436676025
6.260495400000309,0.030030636116862297,0.4414628744125366,-0.14877605438232422,0.0955895185470581,-0.04361823946237564,-0.4009673297405243,0.2185162454843521,0.03151772916316986,0.02820318564772606,1.4331588745117188
6.280371800000012,0.029557911679148674,0.44154107570648193,-0.14408981800079346,0.09557712078094482,-0.04361400753259659,-0.4009697735309601,0.21853265166282654,0.031489282846450806,0.028202710673213005,1.388262391090393
6.300146600000062,0.02906104177236557,0.441493958234787,-0.13939473032951355,0.0955795869231224,-0.043625012040138245,-0.4009666442871094,0.21850955486297607,0.03151043504476547,0.028196070343255997,1.3459093570709229
6.320279500000197,0.028878580778837204,0.441514253616333,-0.13554006814956665,0.09559695422649384,-0.043607648462057114,-0.4009723365306854,0.2185015231370926,0.0314958430826664,0.028215665370225906,1.306148648262024
6.340376200000264,0.02888975292444229,0.4415469467639923,-0.13257567584514618,0.09560772776603699,-0.04361584782600403,-0.40094295144081116,0.21847976744174957,0.03151846304535866,0.028198659420013428,1.2697972059249878
6.360369800000171,0.029043084010481834,0.44149255752563477,-0.13100484013557434,0.09561999887228012,-0.04362647980451584,-0.40096068382263184,0.21848547458648682,0.03153260052204132,0.028229819610714912,1.2357163429260254
6.38036030000012,0.029024725779891014,0.4415527880191803,-0.12870079278945923,0.09562845528125763,-0.043625302612781525,-0.4008914530277252,0.2184702605009079,0.031540509313344955,0.028227081522345543,1.2045615911483765
6.400458900000103,0.028968293219804764,0.44151031970977783,-0.12477986514568329,0.09565167129039764,-0.04362194240093231,-0.40089356899261475,0.21845291554927826,0.031564705073833466,0.02822231687605381,1.1758663654327393
6.420248300000367,0.02895938977599144,0.441500186920166,-0.12104468047618866,0.0956430435180664,-0.043625324964523315,-0.4008866846561432,0.21843113005161285,0.031584639102220535,0.02822406217455864,1.1487174034118652
6.440430399999968,0.028929706662893295,0.4414662718772888,-0.11541156470775604,0.09564539790153503,-0.04363277927041054,-0.4008845388889313,0.21842432022094727,0.0315951406955719,0.028260815888643265,1.120666742324829
6.460058099999969,0.02895689196884632,0.44147664308547974,-0.10860937088727951,0.09565157443284988,-0.04362477734684944,-0.4008265435695648,0.2184196412563324,0.031584180891513824,0.028215371072292328,1.0920906066894531
6.4804331000000275,0.028947440907359123,0.4414467215538025,-0.10116753727197647,0.09570712596178055,-0.04362483322620392,-0.4007943570613861,0.2184174805879593,0.031593285501003265,0.028226861730217934,1.0603500604629517
6.500400000000354,0.029032500460743904,0.44149646162986755,-0.0936603769659996,0.09570752829313278,-0.04363352060317993,-0.4007725119590759,0.21839645504951477,0.031588248908519745,0.028254015371203423,1.028657078742981
6.520482400000219,0.029253186658024788,0.4415191113948822,-0.08461925387382507,0.09566990286111832,-0.04363240301609039,-0.4007652997970581,0.21839196979999542,0.03160170093178749,0.028244679793715477,0.9952417016029358
6.540448000000197,0.029690168797969818,0.44150087237358093,-0.0737992376089096,0.09571316093206406,-0.043624646961688995,-0.4007543921470642,0.21836242079734802,0.03159361332654953,0.02823002263903618,0.9616580009460449
6.560373100000106,0.02989436499774456,0.4415256083011627,-0.0628276914358139,0.09571810066699982,-0.04362456500530243,-0.40074974298477173,0.21836785972118378,0.031578224152326584,0.028237203136086464,0.9276672005653381
6.580395700000281,0.02991452068090439,0.44150522351264954,-0.053278420120477676,0.0957125648856163,-0.04362484812736511,-0.40074393153190613,0.21833574771881104,0.03157517686486244,0.028210526332259178,0.8933255076408386
6.600389200000336,0.0297777708619833,0.4414941370487213,-0.04509603977203369,0.09571359306573868,-0.04362742602825165,-0.4007531404495239,0.21831431984901428,0.03156396746635437,0.02821734920144081,0.8591493964195251
6.6204248000003645,0.02981346659362316,0.44149109721183777,-0.038623370230197906,0.09570044279098511,-0.043624889105558395,-0.40073248744010925,0.2182745337486267,0.03154582530260086,0.02822132781147957,0.8225455284118652
6.640402500000164,0.02986307628452778,0.44147682189941406,-0.034239836037158966,0.0957140177488327,-0.043629832565784454,-0.4007396697998047,0.2182512879371643,0.03149864822626114,0.02821628376841545,0.7842562198638916
6.660372900000311,0.02996038645505905,0.4414457678794861,-0.03004852496087551,0.09571348875761032,-0.043627455830574036,-0.40073320269584656,0.21823514997959137,0.03149819001555443,0.02821553684771061,0.7429957389831543
6.680380400000104,0.029894262552261353,0.4414329528808594,-0.0270866509526968,0.09573348611593246,-0.043626461178064346,-0.4005940556526184,0.21822400391101837,0.03150231018662453,0.028205521404743195,0.6995959281921387
6.700388400000065,0.02983451634645462,0.4414789080619812,-0.02235921286046505,0.09572839736938477,-0.04363183677196503,-0.40053755044937134,0.2181694358587265,0.03148746117949486,0.028201235458254814,0.6527782678604126
6.720387100000153,0.029893577098846436,0.44154125452041626,-0.016812622547149658,0.09573749452829361,-0.04363405704498291,-0.4005180299282074,0.21813565492630005,0.03146194666624069,0.028161633759737015,0.601260244846344
6.74038500000006,0.02988980896770954,0.44153863191604614,-0.009953180328011513,0.09577272087335587,-0.0436270609498024,-0.4005025029182434,0.21812592446804047,0.03148806095123291,0.02818269468843937,0.547181248664856
6.760467200000221,0.029925836250185966,0.4415103793144226,-0.0024813422933220863,0.09577379375696182,-0.04363716393709183,-0.4005277156829834,0.2181195318698883,0.03150108456611633,0.02816832810640335,0.49066171050071716
6.780215700000099,0.029894128441810608,0.4414936304092407,0.004520022310316563,0.09575217217206955,-0.04362785071134567,-0.4005061388015747,0.21812202036380768,0.03149576857686043,0.02816532738506794,0.4345510005950928
6.8003584000002775,0.029809480533003807,0.441508948802948,0.010776471346616745,0.09574653953313828,-0.04362566024065018,-0.4005044400691986,0.21812587976455688,0.03152240812778473,0.028163675218820572,0.3771742880344391
6.820499899999959,0.02989610657095909,0.4414549767971039,0.016848091036081314,0.09577011317014694,-0.04362580180168152,-0.40051770210266113,0.2181406319141388,0.031512483954429626,0.028164181858301163,0.3183487057685852
6.840370700000221,0.02988038770854473,0.44148164987564087,0.022887814790010452,0.09574659168720245,-0.0436282604932785,-0.4005034565925598,0.21816404163837433,0.031492531299591064,0.02814701944589615,0.2602161169052124
6.860369400000309,0.02989836223423481,0.4414624273777008,0.029398726299405098,0.09574084728956223,-0.04362482577562332,-0.40046507120132446,0.21813370287418365,0.03150080144405365,0.028164921328425407,0.2033400535583496
6.8803837000000385,0.029925726354122162,0.44148483872413635,0.03601478412747383,0.09573505073785782,-0.043632976710796356,-0.40046486258506775,0.2181539386510849,0.031504832208156586,0.02814243733882904,0.1494886428117752
6.900394100000085,0.029895199462771416,0.4415067136287689,0.04266085475683212,0.09575904905796051,-0.04362661391496658,-0.4004476070404053,0.21817179024219513,0.031499188393354416,0.028154214844107628,0.09859132021665573
6.920357800000147,0.029951516538858414,0.4415571391582489,0.04850530996918678,0.09573469310998917,-0.043622687458992004,-0.40045401453971863,0.21817366778850555,0.03150894492864609,0.028143487870693207,0.051349662244319916
6.9404960000001665,0.029914438724517822,0.4415072500705719,0.052699070423841476,0.0957399308681488,-0.04363338276743889,-0.40044423937797546,0.21818998456001282,0.03150511905550957,0.02814413234591484,0.006966293789446354
6.96014839999998,0.02982846274971962,0.44150030612945557,0.056183427572250366,0.09574282914400101,-0.043624453246593475,-0.40037164092063904,0.21818415820598602,0.03151026740670204,0.02813071571290493,-0.032729603350162506
6.980122400000255,0.029867911711335182,0.4415096640586853,0.058022771030664444,0.09572086483240128,-0.0436246395111084,-0.40033814311027527,0.2181822508573532,0.031524114310741425,0.028146758675575256,-0.06804446130990982
7.00036530000034,0.02984548918902874,0.4414699971675873,0.06058652698993683,0.0957074835896492,-0.04361644387245178,-0.4003230333328247,0.21817241609096527,0.03153039142489433,0.028152456507086754,-0.09919869154691696
7.020378800000344,0.029852766543626785,0.44148409366607666,0.06509258598089218,0.09570013731718063,-0.04362387955188751,-0.4002687931060791,0.2181704044342041,0.03151703625917435,0.028143949806690216,-0.12512007355690002
7.040379600000051,0.029869332909584045,0.44147273898124695,0.06974535435438156,0.09571573883295059,-0.04362444579601288,-0.4002324044704437,0.21816326677799225,0.03152238577604294,0.02814004011452198,-0.1465296447277069
7.060351099999934,0.029911670833826065,0.44147396087646484,0.07379376888275146,0.09572278708219528,-0.04362459108233452,-0.40022027492523193,0.21818000078201294,0.03151582181453705,0.028131801635026932,-0.1633058488368988
7.080376800000067,0.029898950830101967,0.44149863719940186,0.07668349146842957,0.09572573006153107,-0.043623000383377075,-0.40022850036621094,0.21818046271800995,0.031515926122665405,0.0281513761729002,-0.17570725083351135
7.100376200000028,0.029880516231060028,0.4415000081062317,0.0788220763206482,0.09572435915470123,-0.04363783448934555,-0.4002235531806946,0.21817003190517426,0.03148820996284485,0.028145596385002136,-0.18545030057430267
7.120376300000316,0.029898470267653465,0.4414728879928589,0.07906677573919296,0.09573999047279358,-0.04363439232110977,-0.4002145528793335,0.21815751492977142,0.03146395459771156,0.02813577838242054,-0.19420932233333588
7.140363100000286,0.029938796535134315,0.4414895176887512,0.0791245549917221,0.0957438200712204,-0.04365823417901993,-0.4002056121826172,0.21814151108264923,0.03145729750394821,0.028157135471701622,-0.2020551562309265
7.160419400000137,0.02982211299240589,0.4414865970611572,0.07912207394838333,0.09573584049940109,-0.04364312067627907,-0.4001493752002716,0.21814382076263428,0.03145325556397438,0.028147881850600243,-0.20995666086673737
7.180359800000133,0.02988608181476593,0.4414699971675873,0.07912978529930115,0.09572368115186691,-0.04364803433418274,-0.40014269948005676,0.21815533936023712,0.031438443809747696,0.02813812531530857,-0.2190554141998291
7.20032029999993,0.02986111119389534,0.4414686858654022,0.07912378013134003,0.09571757167577744,-0.043646350502967834,-0.40014421939849854,0.21812210977077484,0.03144274279475212,0.028137529268860817,-0.22919690608978271
7.220309300000281,0.029877467080950737,0.4415016174316406,0.07908625900745392,0.09571488946676254,-0.043654635548591614,-0.40015390515327454,0.21813909709453583,0.03144443780183792,0.028149310499429703,-0.23962262272834778
7.2403925000003255,0.029928011819720268,0.4414662718772888,0.07905709743499756,0.09570328891277313,-0.0436694473028183,-0.4002796709537506,0.21813729405403137,0.03143332898616791,0.028143038973212242,-0.2506648302078247
7.260358400000314,0.029893308877944946,0.44143688678741455,0.07898761332035065,0.0957130417227745,-0.043673060834407806,-0.40050414204597473,0.2181544452905655,0.031433187425136566,0.028139736503362656,-0.26211100816726685
7.280373300000065,0.029885100200772285,0.4415207505226135,0.07897190749645233,0.09571564197540283,-0.04366672784090042,-0.40060821175575256,0.2181255966424942,0.03143344819545746,0.028140898793935776,-0.2742217779159546
7.300376200000301,0.029917312785983086,0.44147929549217224,0.07894440740346909,0.09570710361003876,-0.04368838295340538,-0.4006709158420563,0.2181319296360016,0.03144141286611557,0.028134401887655258,-0.28707462549209595
7.320336900000257,0.029931727796792984,0.4415082335472107,0.07885056734085083,0.09569703042507172,-0.04368864744901657,-0.4006585478782654,0.21811726689338684,0.031441621482372284,0.028145456686615944,-0.30019840598106384
7.340371799999957,0.029836155474185944,0.4414982497692108,0.07885245978832245,0.0957057848572731,-0.043655745685100555,-0.4006332457065582,0.21813105046749115,0.031439654529094696,0.02815270610153675,-0.31264203786849976
7.360372999999981,0.029840240254998207,0.4414784610271454,0.07887174189090729,0.09571153670549393,-0.04365987703204155,-0.4006243348121643,0.21812871098518372,0.03144136816263199,0.028134295716881752,-0.3249669671058655
7.380369800000153,0.02980402298271656,0.44146960973739624,0.07887360453605652,0.09571944177150726,-0.043658409267663956,-0.4006253182888031,0.21816788613796234,0.031448159366846085,0.028133992105722427,-0.3373505175113678
7.400345500000185,0.029855437576770782,0.4414893090724945,0.07885810732841492,0.09571389853954315,-0.043643735349178314,-0.4006054103374481,0.21813662350177765,0.03144336864352226,0.02813950926065445,-0.34786272048950195
7.4203644000003806,0.029927875846624374,0.44151386618614197,0.07886075973510742,0.09566196799278259,-0.04364868253469467,-0.40060168504714966,0.21812613308429718,0.03144434839487076,0.028136445209383965,-0.3563522696495056
7.44035010000016,0.029969340190291405,0.4414878189563751,0.07888158410787582,0.09562330693006516,-0.043652452528476715,-0.40053555369377136,0.21814490854740143,0.03144609183073044,0.02815031073987484,-0.3628352880477905
7.460541700000249,0.029913710430264473,0.44146695733070374,0.07890144735574722,0.09556926041841507,-0.043662067502737045,-0.40047013759613037,0.2181372046470642,0.03143464773893356,0.028142938390374184,-0.36524197459220886
7.480347100000017,0.029931556433439255,0.4414498209953308,0.07892895489931107,0.09557417035102844,-0.04364635795354843,-0.4003751873970032,0.218114972114563,0.03143351525068283,0.02814105525612831,-0.36501550674438477
7.500327600000219,0.029913323000073433,0.4414568245410919,0.078913614153862,0.0955730751156807,-0.04362640157341957,-0.3999899625778198,0.2181205004453659,0.031350478529930115,0.028143025934696198,-0.3649559020996094
7.520475499999975,0.029886674135923386,0.4414941966533661,0.07906636595726013,0.0956389456987381,-0.043633587658405304,-0.3973855674266815,0.21812792122364044,0.03134344518184662,0.02813728153705597,-0.3649616241455078
7.540269099999932,0.029785355553030968,0.4415018558502197,0.07906439900398254,0.09567879140377045,-0.043628301471471786,-0.385903000831604,0.2181396335363388,0.03134363144636154,0.02816222794353962,-0.3649753928184509
7.5602177000000665,0.029793312773108482,0.4414398670196533,0.07900647819042206,0.09566553682088852,-0.04363422840833664,-0.36467868089675903,0.2181374728679657,0.031350262463092804,0.028152478858828545,-0.3649851083755493
7.58052459999999,0.029901213943958282,0.44148313999176025,0.07888995856046677,0.09569205343723297,-0.04366978257894516,-0.33587202429771423,0.21811071038246155,0.03134775906801224,0.02814379520714283,-0.36497819423675537
7.600316100000327,0.029923485592007637,0.44149279594421387,0.0785941332578659,0.09571943432092667,-0.043685752898454666,-0.3034500479698181,0.21806390583515167,0.03134705871343613,0.028142167255282402,-0.36496955156326294
7.620344800000112,0.029993079602718353,0.4415263533592224,0.07809232175350189,0.09574533253908157,-0.04364881291985512,-0.2661699652671814,0.21805855631828308,0.03134368360042572,0.028155937790870667,-0.3649826943874359
7.640308400000322,0.029911229386925697,0.4414808452129364,0.0778811052441597,0.09578002244234085,-0.04364268109202385,-0.22757020592689514,0.21804431080818176,0.031351488083601,0.028139591217041016,-0.3649776577949524
7.660359299999982,0.029948893934488297,0.44148895144462585,0.07727218419313431,0.09581506997346878,-0.04366437345743179,-0.18891248106956482,0.21800817549228668,0.031365133821964264,0.02814904972910881,-0.3649779260158539
7.680359800000133,0.02988363802433014,0.44150033593177795,0.07620838284492493,0.0958244726061821,-0.04360651969909668,-0.1553768366575241,0.2179899364709854,0.03135836124420166,0.028146276250481606,-0.3649633526802063
7.70036170000003,0.029827794060111046,0.4414880871772766,0.07395076751708984,0.09581897407770157,-0.043624937534332275,-0.1288055181503296,0.21800103783607483,0.031361497938632965,0.028145363554358482,-0.3649812638759613
7.720346000000063,0.029830899089574814,0.44148311018943787,0.0683879405260086,0.09575481712818146,-0.04360659420490265,-0.11402164399623871,0.21799418330192566,0.03136162459850311,0.028150102123618126,-0.36496400833129883
7.740372200000365,0.029854359105229378,0.44153422117233276,0.059026047587394714,0.09571760892868042,-0.0435679629445076,-0.11135756969451904,0.21800164878368378,0.031356096267700195,0.02813931740820408,-0.36496102809906006
7.7603587000003245,0.02984734997153282,0.4414946436882019,0.04703294113278389,0.09575128555297852,-0.043557487428188324,-0.11267179995775223,0.21799024939537048,0.03134937584400177,0.028151165693998337,-0.3649459481239319
7.7803593000003275,0.029898935928940773,0.44147899746894836,0.03631753847002983,0.09565497189760208,-0.04355648159980774,-0.11263994872570038,0.21803060173988342,0.031350813806056976,0.028146926313638687,-0.3649423122406006
7.80007360000036,0.029909130185842514,0.44151878356933594,0.030352111905813217,0.09563546627759933,-0.043562863022089005,-0.11259396374225616,0.21802346408367157,0.03136886656284332,0.028140369802713394,-0.36485791206359863
7.820173800000248,0.02986423298716545,0.44150763750076294,0.0287341196089983,0.09563025087118149,-0.043589185923337936,-0.1125660240650177,0.21804407238960266,0.03136473894119263,0.028138017281889915,-0.36487555503845215
7.840330500000164,0.029860835522413254,0.4415164291858673,0.028781088069081306,0.0956370085477829,-0.043582625687122345,-0.11259643733501434,0.21804536879062653,0.031367696821689606,0.02813292108476162,-0.36493173241615295
7.86031660000026,0.02988758496940136,0.44147124886512756,0.028777336701750755,0.09563068300485611,-0.04358287900686264,-0.11261496692895889,0.21806445717811584,0.03141886740922928,0.02815118618309498,-0.3648976981639862
7.880117800000335,0.029874397441744804,0.4415123462677002,0.028731854632496834,0.09563814103603363,-0.043567538261413574,-0.11261169612407684,0.2180623561143875,0.031494155526161194,0.028139013797044754,-0.3648560643196106
7.900345100000322,0.029861295595765114,0.4415588974952698,0.02870752662420273,0.0956323891878128,-0.043544016778469086,-0.11259406805038452,0.21805720031261444,0.03164373338222504,0.028129417449235916,-0.36473703384399414
7.920342600000367,0.029895668849349022,0.44149157404899597,0.028728757053613663,0.09559424966573715,-0.04353941231966019,-0.11259530484676361,0.2180645763874054,0.03165965527296066,0.028146984055638313,-0.36471694707870483
7.940207999999984,0.029845688492059708,0.4414548873901367,0.028735391795635223,0.09551843255758286,-0.04354448616504669,-0.11259307712316513,0.2180970162153244,0.03162392973899841,0.028146380558609962,-0.3646979331970215
7.960366900000281,0.02986256591975689,0.44143548607826233,0.028716979548335075,0.09545598179101944,-0.043543796986341476,-0.11257480084896088,0.2181321233510971,0.031591225415468216,0.02815472148358822,-0.3646376132965088
7.980404599999929,0.029937393963336945,0.44143614172935486,0.02874653786420822,0.09547851979732513,-0.04354723542928696,-0.11253982037305832,0.21819579601287842,0.031565502285957336,0.028146937489509583,-0.36462315917015076
8.000338700000157,0.02993861213326454,0.44147104024887085,0.028801780194044113,0.0955156460404396,-0.0435480922460556,-0.11256653815507889,0.2182394415140152,0.031567204743623734,0.028131090104579926,-0.3646188974380493
8.020451000000321,0.029946602880954742,0.44155555963516235,0.02892153710126877,0.09556547552347183,-0.04354877769947052,-0.11251187324523926,0.21825586259365082,0.03159370273351669,0.028141841292381287,-0.3646298348903656
8.040351900000132,0.029913010075688362,0.4415171444416046,0.029073836281895638,0.0955774188041687,-0.04354873299598694,-0.11243198066949844,0.21821828186511993,0.031678058207035065,0.028135377913713455,-0.364617258310318
8.060257600000114,0.029911838471889496,0.44150516390800476,0.029424764215946198,0.09557480365037918,-0.04357753321528435,-0.11238116025924683,0.21816283464431763,0.03173568472266197,0.028130805119872093,-0.3646325469017029
8.080353300000297,0.02981339581310749,0.44150033593177795,0.029528269544243813,0.09556371718645096,-0.04356345161795616,-0.11232105642557144,0.2181243747472763,0.031732797622680664,0.028129952028393745,-0.3646165728569031
8.10054050000008,0.029837170615792274,0.44149136543273926,0.02989906258881092,0.09553928673267365,-0.04356653243303299,-0.11234205216169357,0.21810710430145264,0.031726621091365814,0.0281318798661232,-0.3646208643913269
8.120337400000153,0.02988547831773758,0.4415319859981537,0.029981572180986404,0.09550455212593079,-0.043555572628974915,-0.11230147629976273,0.21810245513916016,0.031681910157203674,0.02813657931983471,-0.36462727189064026
8.140341499999977,0.029975563287734985,0.4414859116077423,0.030450643971562386,0.09549535065889359,-0.04356839507818222,-0.11228380352258682,0.21810363233089447,0.031660668551921844,0.028125915676355362,-0.3646337389945984
8.16037180000012,0.029942627996206284,0.44146648049354553,0.03176609426736832,0.0954793393611908,-0.04354914277791977,-0.11225996911525726,0.21812134981155396,0.031652625650167465,0.028143372386693954,-0.3646308183670044
8.180346500000269,0.029875127598643303,0.44146856665611267,0.03381142020225525,0.09539580345153809,-0.04358886182308197,-0.11225379258394241,0.2181071788072586,0.031654223799705505,0.02813098393380642,-0.36462098360061646
8.200335500000165,0.029872676357626915,0.4414394497871399,0.03722613677382469,0.09528835862874985,-0.04354666918516159,-0.11223121732473373,0.21813592314720154,0.03167508542537689,0.02813589945435524,-0.3646172881126404
8.220253100000264,0.029873359948396683,0.44146406650543213,0.04042268544435501,0.09512912482023239,-0.043545741587877274,-0.1122577115893364,0.21816883981227875,0.03172321617603302,0.02812478318810463,-0.3646124601364136
8.240380300000197,0.029935529455542564,0.4414900541305542,0.04051724821329117,0.09423134475946426,-0.043557070195674896,-0.112277552485466,0.21818794310092926,0.03172193840146065,0.028135811910033226,-0.3646201491355896
8.260346200000185,0.029852667823433876,0.4415058493614197,0.04052399843931198,0.093636155128479,-0.04354752600193024,-0.11228083074092865,0.21816901862621307,0.03173043578863144,0.028128471225500107,-0.3646203577518463
8.280344799999966,0.029902413487434387,0.4414972960948944,0.040498968213796616,0.09362535923719406,-0.04354848712682724,-0.1122644692659378,0.2181689292192459,0.031697481870651245,0.02814471907913685,-0.3646154999732971
8.300606000000244,0.029875969514250755,0.4414956569671631,0.04046913608908653,0.0937059298157692,-0.043550945818424225,-0.11228905618190765,0.21815310418605804,0.03166785091161728,0.028135310858488083,-0.36461931467056274
8.32032990000016,0.029876509681344032,0.4414996802806854,0.040481939911842346,0.09375999122858047,-0.04354923218488693,-0.11228691786527634,0.21811340749263763,0.03166327625513077,0.028133675456047058,-0.364624559879303
8.340317400000004,0.029928211122751236,0.44150084257125854,0.04048483818769455,0.09379571676254272,-0.04355309531092644,-0.11228243261575699,0.21812616288661957,0.03166871890425682,0.028137510642409325,-0.364635169506073
8.36033180000004,0.029872987419366837,0.4414398968219757,0.04048755764961243,0.09381737560033798,-0.04355158656835556,-0.11228851974010468,0.21812105178833008,0.031673021614551544,0.02813369780778885,-0.36462995409965515
8.38032850000036,0.0298708975315094,0.44145816564559937,0.04051155596971512,0.09379326552152634,-0.04355372488498688,-0.11229600012302399,0.2181476503610611,0.03170393779873848,0.028136814013123512,-0.3646336793899536
8.400340800000322,0.02986878901720047,0.441427618265152,0.04055589437484741,0.09379246830940247,-0.04354539141058922,-0.11228511482477188,0.21812549233436584,0.03170809894800186,0.028125688433647156,-0.36462658643722534
8.420348600000125,0.029896752908825874,0.4414553940296173,0.040573880076408386,0.0937366932630539,-0.04354281723499298,-0.11228594928979874,0.21813346445560455,0.03170722723007202,0.028136061504483223,-0.3646133542060852
8.440340399999968,0.029897652566432953,0.44150295853614807,0.04059106484055519,0.09369825571775436,-0.04355049878358841,-0.11226928979158401,0.21813556551933289,0.03167880326509476,0.02813420444726944,-0.3646226227283478
8.46034039999995,0.029891259968280792,0.4415046274662018,0.04062929004430771,0.09361996501684189,-0.04355031996965408,-0.11227290332317352,0.21815399825572968,0.031661804765462875,0.02813139744102955,-0.36462533473968506
8.48036170000023,0.029902001842856407,0.441508412361145,0.040626220405101776,0.09361783415079117,-0.043549567461013794,-0.11227982491254807,0.21818283200263977,0.03166321665048599,0.028132086619734764,-0.3646102249622345
8.500321100000292,0.02991795353591442,0.44149237871170044,0.04062914848327637,0.09365152567625046,-0.043546162545681,-0.11226435005664825,0.21816490590572357,0.031661905348300934,0.028136493638157845,-0.36461740732192993
8.52044960000012,0.02986999787390232,0.4414811432361603,0.04061569273471832,0.09367702156305313,-0.04354790598154068,-0.11228819191455841,0.2181558609008789,0.03168144449591637,0.028156166896224022,-0.3646080493927002
8.540323600000193,0.02985619753599167,0.44146737456321716,0.04060143232345581,0.09371618926525116,-0.04354752227663994,-0.11227305233478546,0.21814888715744019,0.03169196844100952,0.028133805841207504,-0.36461424827575684
8.560330100000101,0.02990725450217724,0.44147127866744995,0.04056929796934128,0.09375638514757156,-0.04354853183031082,-0.1122833862900734,0.2181447595357895,0.03170684352517128,0.028130611404776573,-0.3646250367164612
8.580075300000317,0.02993704378604889,0.441449373960495,0.04054399952292442,0.09379333257675171,-0.04354765638709068,-0.11228509992361069,0.21813061833381653,0.031700797379016876,0.02812885493040085,-0.36461737751960754
8.600331200000255,0.029895858839154243,0.4414549767971039,0.04053287208080292,0.09379152208566666,-0.04354972392320633,-0.11227963119745255,0.21814315021038055,0.0316748283803463,0.02813105285167694,-0.36463019251823425
8.620123200000307,0.029856374487280846,0.4414474666118622,0.04051486402750015,0.09377115219831467,-0.043550990521907806,-0.11227156966924667,0.2181241810321808,0.03167159855365753,0.028139393776655197,-0.3646300435066223
8.640116800000214,0.02989153191447258,0.4414809048175812,0.040488097816705704,0.09374618530273438,-0.04354789853096008,-0.11228209733963013,0.21812719106674194,0.03166531026363373,0.028130508959293365,-0.3646184206008911
8.660332500000095,0.0299398060888052,0.44152936339378357,0.04049995541572571,0.09371520578861237,-0.04354609176516533,-0.11226955056190491,0.21812762320041656,0.031666018068790436,0.028132809326052666,-0.3646203875541687
8.680329900000288,0.029833205044269562,0.4415108859539032,0.040533535182476044,0.0936964601278305,-0.04354080930352211,-0.11228187382221222,0.218169704079628,0.03168037533760071,0.02812900021672249,-0.3646163046360016
8.700273200000083,0.029892494902014732,0.441502183675766,0.04054674506187439,0.09369274228811264,-0.04354848712682724,-0.11227826774120331,0.21816827356815338,0.031691960990428925,0.028137968853116035,-0.36461591720581055
8.720340300000316,0.029898855835199356,0.44149070978164673,0.040552347898483276,0.09366688877344131,-0.04354782775044441,-0.11228915303945541,0.2181810438632965,0.03170570731163025,0.028130145743489265,-0.36463016271591187
8.74054150000029,0.029832711443305016,0.44152483344078064,0.040570974349975586,0.09369976818561554,-0.04355688765645027,-0.11228317022323608,0.21816208958625793,0.031692974269390106,0.02813880704343319,-0.364621639251709
8.76031170000033,0.029868153855204582,0.44148939847946167,0.04060361906886101,0.09372960776090622,-0.043554265052080154,-0.11227968335151672,0.21813666820526123,0.031675808131694794,0.02812795899808407,-0.3646172285079956
8.780191800000011,0.029910342767834663,0.44147464632987976,0.04059623181819916,0.0937393382191658,-0.04355121776461601,-0.11227156966924667,0.2181485891342163,0.03166189044713974,0.028135869652032852,-0.3646238148212433
8.800419900000179,0.029891017824411392,0.4414757490158081,0.04060675948858261,0.09374842047691345,-0.04355386644601822,-0.11226888000965118,0.2181376963853836,0.03167210519313812,0.02812856063246727,-0.36462563276290894
8.820562400000199,0.029846081510186195,0.44147592782974243,0.040600404143333435,0.09376378357410431,-0.04354865849018097,-0.11227110773324966,0.21811647713184357,0.03166547790169716,0.028135070577263832,-0.364626407623291
8.84054530000003,0.029880313202738762,0.4414714276790619,0.04057825356721878,0.09373968839645386,-0.043548859655857086,-0.11227907240390778,0.2181313931941986,0.03168123960494995,0.02814137190580368,-0.3646242022514343
8.86011439999993,0.029932867735624313,0.4414581060409546,0.040570877492427826,0.09373712539672852,-0.043544817715883255,-0.11227265000343323,0.21812888979911804,0.03169538080692291,0.02813255414366722,-0.36462920904159546
8.880134700000326,0.029877090826630592,0.4415058493614197,0.040567196905612946,0.09371974319219589,-0.04354953020811081,-0.11228431761264801,0.21813127398490906,0.03169504553079605,0.028135543689131737,-0.36463379859924316
8.900331700000152,0.029884854331612587,0.44146931171417236,0.04055224359035492,0.09371691942214966,-0.043550096452236176,-0.11228204518556595,0.21813121438026428,0.03168528154492378,0.028133472427725792,-0.36461156606674194
8.920099400000254,0.029843013733625412,0.4415147602558136,0.04054849222302437,0.09369046241044998,-0.04354188218712807,-0.11228012293577194,0.2181597799062729,0.031676746904850006,0.02813464216887951,-0.3646153509616852
8.940316100000018,0.02987009845674038,0.4414415955543518,0.04053676873445511,0.09370417892932892,-0.04354828596115112,-0.11227104067802429,0.2181551605463028,0.03166946768760681,0.02812061831355095,-0.3646204471588135
8.960446100000354,0.029893824830651283,0.44148337841033936,0.04054015874862671,0.09371864050626755,-0.04354800656437874,-0.11228612810373306,0.21816664934158325,0.031683288514614105,0.02814086712896824,-0.3646250367164612
8.980112600000211,0.029937662184238434,0.4414767920970917,0.04054735600948334,0.09371647983789444,-0.043548762798309326,-0.11228519678115845,0.2181740254163742,0.0316794328391552,0.028144555166363716,-0.3646138310432434
9.000302200000078,0.02984408102929592,0.4414824843406677,0.04054897278547287,0.09373869001865387,-0.04354874789714813,-0.11227593570947647,0.21812917292118073,0.031703971326351166,0.02813647873699665,-0.36462393403053284
