8.199999956559623e-05,-4.971452653990127e-05,0.33176612854003906,-0.006590635981410742,-0.037559159100055695,-0.3806440532207489,-0.07842804491519928,-0.017062077298760414,0.023862410336732864,0.028041264042258263,0.292003333568573
0.020603899999969144,-0.00024331329041160643,0.33176228404045105,-0.0065990108996629715,-0.03754045441746712,-0.3806435167789459,-0.07843609154224396,-0.017048940062522888,0.023853104561567307,0.028043648228049278,0.2920071482658386
0.04033110000000306,-0.00028437457513064146,0.33176371455192566,-0.006614889018237591,-0.03755243867635727,-0.3806459307670593,-0.07843877375125885,-0.0170573890209198,0.023867852985858917,0.028047824278473854,0.29199081659317017
0.060424399999646994,-0.0002484954020474106,0.33173468708992004,-0.006612209603190422,-0.03755498677492142,-0.3806378245353699,-0.0784335732460022,-0.01703692227602005,0.02386598102748394,0.028045592829585075,0.29200315475463867
0.08054579999998168,-0.0002744201337918639,0.3317647874355316,-0.006616557016968727,-0.037553854286670685,-0.38064807653427124,-0.07841421663761139,-0.017045965418219566,0.023870903998613358,0.02803480625152588,0.2919965088367462
0.10055689999990136,-0.0002737810427788645,0.33182018995285034,-0.0066114612855017185,-0.0375659242272377,-0.3806406259536743,-0.07844243943691254,-0.017047498375177383,0.023880545049905777,0.028030624613165855,0.29198575019836426
0.12010649999956513,-0.00028033810667693615,0.3318394720554352,-0.006603867281228304,-0.03755564242601395,-0.3806404173374176,-0.0784248411655426,-0.017048096284270287,0.023864028975367546,0.028024354949593544,0.292003333568573
0.14070239999955447,-0.000292804092168808,0.33186668157577515,-0.006612720433622599,-0.03756175562739372,-0.3806423246860504,-0.07842423021793365,-0.01704413816332817,0.02387622743844986,0.028041819110512733,0.2920147776603699
0.1604181999996399,-0.0002613093820400536,0.331831693649292,-0.006610570475459099,-0.03756708651781082,-0.38064196705818176,-0.07843022048473358,-0.017041340470314026,0.023877877742052078,0.028031278401613235,0.2920093536376953
0.18035269999973025,-0.0002126247127307579,0.33175885677337646,-0.006593035068362951,-0.03757023811340332,-0.3806420862674713,-0.07843388617038727,-0.01707468181848526,0.02385765314102173,0.02804662473499775,0.2919895052909851
0.20076869999957125,-0.0002115223469445482,0.3317623734474182,-0.006592620629817247,-0.03756639361381531,-0.3806348741054535,-0.07844347506761551,-0.017051756381988525,0.023859146982431412,0.02804425172507763,0.2919979989528656
0.22055309999996098,-0.00024215716985054314,0.33168888092041016,-0.0065941717475652695,-0.03754355385899544,-0.3806458115577698,-0.07844628393650055,-0.01705382950603962,0.023863045498728752,0.028050202876329422,0.2920093536376953
0.2404219000000012,-0.0001441531057935208,0.3317238390445709,-0.006607109680771828,-0.037563543766736984,-0.3806481659412384,-0.07843554019927979,-0.017039384692907333,0.023867005482316017,0.028043178841471672,0.2920033931732178
0.2604465999997956,-0.00014779018238186836,0.33173343539237976,-0.00660889083519578,-0.03756267577409744,-0.38064950704574585,-0.07842602580785751,-0.017052587121725082,0.023879656568169594,0.02803143486380577,0.29200947284698486
0.28007679999973334,-0.00015137848095037043,0.331781268119812,-0.006607022136449814,-0.03756677359342575,-0.3806442320346832,-0.07840727269649506,-0.017065107822418213,0.023873528465628624,0.02803186886012554,0.2919993996620178
0.3004462999997486,-0.0001776978897396475,0.33184418082237244,-0.006613993551582098,-0.03754661977291107,-0.38064366579055786,-0.07843858748674393,-0.017053086310625076,0.02386116236448288,0.028045285493135452,0.2920075058937073
0.3200976999996783,-0.00016677530948072672,0.331864595413208,-0.006600033491849899,-0.03754502534866333,-0.38064053654670715,-0.07844395935535431,-0.017074428498744965,0.02387187071144581,0.028031000867486,0.29199886322021484
0.34054799999967145,-0.00011785258539021015,0.3318483233451843,-0.006588353775441647,-0.03754997253417969,-0.3806385099887848,-0.07842990010976791,-0.017042897641658783,0.02385535091161728,0.02804780751466751,0.291994571685791
0.3604547999998431,-7.941740477690473e-05,0.3317897617816925,-0.0066092307679355145,-0.03755462169647217,-0.3806414306163788,-0.07841996848583221,-0.017052654176950455,0.02386663295328617,0.028042130172252655,0.29200834035873413
0.38016369999968447,-0.00011824200919363648,0.33176568150520325,-0.006600810214877129,-0.037528134882450104,-0.38064107298851013,-0.07842448353767395,-0.017040735110640526,0.0238640159368515,0.02804846689105034,0.2920052111148834
0.4004731999998512,-0.00014890340389683843,0.3317125141620636,-0.006587151903659105,-0.03752097487449646,-0.38064059615135193,-0.07843999564647675,-0.01705680415034294,0.023868070915341377,0.028050320222973824,0.2920045256614685
0.42030339999973876,-0.00013668803148902953,0.3317051827907562,-0.006614722777158022,-0.03751114010810852,-0.38064292073249817,-0.07844188809394836,-0.017056560143828392,0.023863492533564568,0.028034385293722153,0.2920016348361969
0.44037689999959184,-1.0193166417593602e-05,0.33170539140701294,-0.006609668023884296,-0.03749777376651764,-0.38064315915107727,-0.07844395935535431,-0.017066532745957375,0.023871343582868576,0.028039956465363503,0.2919993996620178
0.4601906999996572,5.134959792485461e-06,0.3317265510559082,-0.006608268711715937,-0.037495311349630356,-0.38064923882484436,-0.07845182716846466,-0.017039040103554726,0.023873701691627502,0.028014151379466057,0.29201143980026245
0.4803588999998283,-2.6658766728360206e-05,0.331687331199646,-0.006616844795644283,-0.037494659423828125,-0.3806711435317993,-0.07847844064235687,-0.017063342034816742,0.023868056014180183,0.02804562635719776,0.2920089364051819
0.5004441999999472,4.983075996278785e-05,0.33173057436943054,-0.006613060366362333,-0.03748834878206253,-0.38067132234573364,-0.07846064120531082,-0.017045926302671432,0.023862630128860474,0.02803870476782322,0.2920081615447998
0.5203682999999728,1.8906299374066293e-05,0.33158621191978455,-0.006764527410268784,-0.037484779953956604,-0.3806867301464081,-0.07845623046159744,-0.01704946905374527,0.023882903158664703,0.028054405003786087,0.2919905185699463
0.5405280999998467,-8.593522215960547e-05,0.3315667510032654,-0.00708267604932189,-0.03745373338460922,-0.3807029128074646,-0.07846912741661072,-0.017048200592398643,0.02386075258255005,0.028042880818247795,0.29201316833496094
0.5602283999996871,-5.53202917217277e-05,0.3315458297729492,-0.007720079738646746,-0.03743696212768555,-0.3806900382041931,-0.07846295088529587,-0.017061948776245117,0.023866072297096252,0.02804287150502205,0.2919977307319641
0.5804745999998886,-0.00012531016545835882,0.3315505385398865,-0.0096744941547513,-0.037436772137880325,-0.38067418336868286,-0.07849214971065521,-0.017046840861439705,0.02385738678276539,0.028036408126354218,0.2920014560222626
0.6003933999995752,-3.290688619017601e-05,0.33154624700546265,-0.011476639658212662,-0.03742103651165962,-0.3807132840156555,-0.07851114869117737,-0.01704808697104454,0.02384909987449646,0.028031663969159126,0.29199689626693726
0.6202324999999291,-9.94627844193019e-05,0.3315592110157013,-0.013879692181944847,-0.03742169588804245,-0.3806988298892975,-0.07854665070772171,-0.017045293003320694,0.02385948970913887,0.028033219277858734,0.29200661182403564
0.6400641999998697,-4.496903784456663e-05,0.33159053325653076,-0.020175985991954803,-0.03739044815301895,-0.38071367144584656,-0.07869219779968262,-0.01705048605799675,0.02386745996773243,0.028029784560203552,0.2920106053352356
0.6601375999998709,-9.869823406916112e-05,0.33155694603919983,-0.03128281235694885,-0.03734109550714493,-0.3807218670845032,-0.07902739942073822,-0.017047688364982605,0.023861447349190712,0.028047000989317894,0.29199427366256714
0.680519799999729,-0.00010828300582943484,0.3315357565879822,-0.047469887882471085,-0.037257589399814606,-0.38071754574775696,-0.08111868798732758,-0.017054276540875435,0.023862557485699654,0.028031792491674423,0.29199373722076416
0.7002037999995991,-0.00013930886052548885,0.3315407931804657,-0.06953536719083786,-0.03715303912758827,-0.3807203769683838,-0.08254803717136383,-0.01705113984644413,0.02385719306766987,0.028040476143360138,0.2919967770576477
0.7205608999997821,-5.2300936658866704e-05,0.3315272629261017,-0.097198486328125,-0.037098124623298645,-0.3807165324687958,-0.08645959943532944,-0.01704629883170128,0.02386588789522648,0.02803707867860794,0.29200077056884766
0.740209799999775,-5.43021087651141e-05,0.3315448462963104,-0.12450271844863892,-0.03708163648843765,-0.38071033358573914,-0.09352125227451324,-0.017067011445760727,0.023862436413764954,0.028043432161211967,0.29200828075408936
0.760196299999734,-1.3838989616488107e-05,0.33153417706489563,-0.15124374628067017,-0.03707211837172508,-0.3807152807712555,-0.1006060466170311,-0.01705361343920231,0.0238476749509573,0.02802872657775879,0.29199349880218506
0.7803651999997783,-7.42049451218918e-05,0.3314405083656311,-0.17628860473632812,-0.035523392260074615,-0.3806594908237457,-0.10673515498638153,-0.017068583518266678,0.023857951164245605,0.028026070445775986,0.29201018810272217
0.8001747999996951,7.556787750218064e-05,0.33117246627807617,-0.19892039895057678,-0.02638528123497963,-0.380717933177948,-0.11137153208255768,-0.017052792012691498,0.023852769285440445,0.02803436480462551,0.29199057817459106
0.8203518999998778,0.00017987153842113912,0.3309958577156067,-0.22055737674236298,-0.010195577517151833,-0.3807342052459717,-0.11585160344839096,-0.017074663192033768,0.02386772818863392,0.028041455894708633,0.292003333568573
0.8402367999997296,0.00032452537561766803,0.3310454189777374,-0.24149487912654877,0.009242145344614983,-0.38073456287384033,-0.12053615599870682,-0.017070859670639038,0.023873675614595413,0.028050730004906654,0.29200220108032227
0.8602836000000025,0.000279776519164443,0.3310757577419281,-0.2616754174232483,0.030957041308283806,-0.38071751594543457,-0.12360051274299622,-0.017034105956554413,0.023860199376940727,0.02803797461092472,0.29200202226638794
0.8801828999999088,0.0004729174543172121,0.33105435967445374,-0.28139281272888184,0.054198008030653,-0.3807156980037689,-0.12792102992534637,-0.01705506071448326,0.023854713886976242,0.028033604845404625,0.29200559854507446
0.9002793999998175,0.0010013702558353543,0.3311304748058319,-0.30371785163879395,0.07684297859668732,-0.38071995973587036,-0.1336679756641388,-0.01705360971391201,0.023853246122598648,0.02804909087717533,0.29200270771980286
0.920232599999963,0.0011262116022408009,0.3311567008495331,-0.3279292583465576,0.09502831101417542,-0.3807119131088257,-0.1402909755706787,-0.017047353088855743,0.023867109790444374,0.02804260142147541,0.2919955849647522
0.940473899999688,0.0011483540292829275,0.3312109708786011,-0.35297900438308716,0.10823215544223785,-0.38066166639328003,-0.14566582441329956,-0.017069214954972267,0.023874657228589058,0.028041251003742218,0.2920100688934326
0.960382099999606,0.0011122975265607238,0.33123350143432617,-0.3775073289871216,0.11852347105741501,-0.3807092010974884,-0.14963597059249878,-0.01706356182694435,0.023857269436120987,0.028034942224621773,0.2920147180557251
0.9805135999999948,0.0010583926923573017,0.3312235176563263,-0.401577353477478,0.12775781750679016,-0.3807135224342346,-0.15344670414924622,-0.017066508531570435,0.023878855630755424,0.02804408222436905,0.29201945662498474
1.00043259999984,0.0011832008603960276,0.33119335770606995,-0.42321422696113586,0.1358097493648529,-0.380798876285553,-0.15637026727199554,-0.01706084981560707,0.023869438096880913,0.028041211888194084,0.291999489068985
1.0202219999996487,0.0011949988547712564,0.33124101161956787,-0.44198986887931824,0.1436942219734192,-0.38079190254211426,-0.1606033593416214,-0.017071599140763283,0.023861918598413467,0.028031714260578156,0.2920106053352356
1.0400988999999754,0.001179671147838235,0.3312574326992035,-0.4594727158546448,0.15161395072937012,-0.3809545338153839,-0.1605520397424698,-0.017036695033311844,0.023856408894062042,0.028050240129232407,0.29199889302253723
1.0601846999998088,0.0011654581176117063,0.33127501606941223,-0.47708016633987427,0.1607838124036789,-0.3811695873737335,-0.16064292192459106,-0.017047924920916557,0.023871513083577156,0.02804497815668583,0.2920016348361969
1.0801469999996698,0.0008483208948746324,0.331785649061203,-0.4950762987136841,0.17140716314315796,-0.3811716139316559,-0.16103971004486084,-0.017054680734872818,0.023859620094299316,0.028050292283296585,0.2919924855232239
1.1001671999997598,0.0011263531632721424,0.33307012915611267,-0.51447594165802,0.18433544039726257,-0.3811008334159851,-0.16333839297294617,-0.017040492966771126,0.023879634216427803,0.028020551428198814,0.2920016646385193
1.1205614999998943,0.0011374031892046332,0.3364376127719879,-0.5369688272476196,0.19855999946594238,-0.38110360503196716,-0.17029449343681335,-0.017063267529010773,0.02386634238064289,0.028043050318956375,0.29200994968414307
1.1401565999999548,0.004470827057957649,0.3466310203075409,-0.5592712759971619,0.21277855336666107,-0.3810725510120392,-0.17714707553386688,-0.01705166883766651,0.023878013715147972,0.028015902265906334,0.29201412200927734
1.1602184999997007,0.014181331731379032,0.3518332540988922,-0.5805254578590393,0.2274601310491562,-0.3810986578464508,-0.18275704979896545,-0.01705310493707657,0.02386798895895481,0.028047244995832443,0.2920072674751282
1.1801878999999644,0.019948836416006088,0.35184699296951294,-0.5995126962661743,0.24045629799365997,-0.3810957968235016,-0.18769127130508423,-0.017050832509994507,0.023871921002864838,0.02804064005613327,0.29199543595314026
1.2001820999998927,0.02177322842180729,0.35152101516723633,-0.6165468692779541,0.2509388327598572,-0.38106846809387207,-0.1940907984972,-0.017046645283699036,0.02387544885277748,0.028051912784576416,0.2919921576976776
1.2203250999996271,0.024278130382299423,0.3505170941352844,-0.6330559849739075,0.25900012254714966,-0.38103803992271423,-0.2014075666666031,-0.017042268067598343,0.02384742721915245,0.028045112267136574,0.2919977903366089
1.2405946999997468,0.025338545441627502,0.3495636582374573,-0.649986982345581,0.2647631764411926,-0.3810514807701111,-0.20963813364505768,-0.01707327365875244,0.023869607597589493,0.028045911341905594,0.2920066714286804
1.2603997999999592,0.025573914870619774,0.3491361439228058,-0.6669779419898987,0.27091845870018005,-0.38105931878089905,-0.2176065295934677,-0.017055943608283997,0.023872440680861473,0.02804458700120449,0.2919929623603821
1.2803762999997161,0.026670586317777634,0.3492818772792816,-0.6853733062744141,0.2709506154060364,-0.38107985258102417,-0.22509591281414032,-0.017047006636857986,0.023856796324253082,0.028037549927830696,0.29200902581214905
1.3002662999997483,0.031322330236434937,0.3496399223804474,-0.7060514688491821,0.2710643410682678,-0.3810705244541168,-0.2330886870622635,-0.01706843264400959,0.023866789415478706,0.028051622211933136,0.2920006513595581
1.3200974999999744,0.035042282193899155,0.34991255402565,-0.7273076772689819,0.27172622084617615,-0.38108116388320923,-0.2438318133354187,-0.017061341553926468,0.023876769468188286,0.02805495448410511,0.2920021414756775
1.3405645999996523,0.036658696830272675,0.35001569986343384,-0.7487508654594421,0.27175846695899963,-0.3810962438583374,-0.25834107398986816,-0.017065392807126045,0.023851269856095314,0.028037292882800102,0.29200226068496704
1.3603042999998252,0.03789219260215759,0.34995317459106445,-0.7696281671524048,0.2721225619316101,-0.3811033070087433,-0.27367526292800903,-0.01704060286283493,0.023848574608564377,0.02803553268313408,0.29201263189315796
1.3802211999995961,0.039203669875860214,0.349793940782547,-0.7905584573745728,0.27831947803497314,-0.38113951683044434,-0.2893880605697632,-0.017049862071871758,0.023852866142988205,0.02801925502717495,0.2920183837413788
1.4005316999996467,0.03938046097755432,0.3497064411640167,-0.8108307123184204,0.29386019706726074,-0.3811790943145752,-0.3077086806297302,-0.017045989632606506,0.023874079808592796,0.028042970225214958,0.2919948697090149
1.4202523999997538,0.039379507303237915,0.3496735990047455,-0.8295791149139404,0.30973416566848755,-0.38117191195487976,-0.3293120265007019,-0.017047246918082237,0.023885047063231468,0.02801869995892048,0.2919977307319641
1.4402204999996684,0.03937896341085434,0.349700391292572,-0.848064661026001,0.3231353759765625,-0.3811737596988678,-0.3541783392429352,-0.01703847572207451,0.023893993347883224,0.02804831601679325,0.2920016050338745
1.460287899999912,0.03937501460313797,0.3497180938720703,-0.8665820360183716,0.3335183262825012,-0.38116952776908875,-0.37865281105041504,-0.017041649669408798,0.023866813629865646,0.02804690971970558,0.2920100688934326
1.4803448999996363,0.03938154876232147,0.34970995783805847,-0.8838620185852051,0.34127509593963623,-0.3811626434326172,-0.4002661406993866,-0.01705227419734001,0.023858627304434776,0.028032923117280006,0.291999876499176
1.5003340999996908,0.03942028060555458,0.34960246086120605,-0.9003461003303528,0.3416917622089386,-0.3811661899089813,-0.42109519243240356,-0.017040181905031204,0.02384372055530548,0.028038818389177322,0.29199039936065674
1.5201577999996516,0.04128074645996094,0.34953057765960693,-0.9184241890907288,0.3386555314064026,-0.381177693605423,-0.44079262018203735,-0.017062507569789886,0.023841198533773422,0.02804352156817913,0.2920008897781372
1.5400704999997288,0.04789143428206444,0.3494361639022827,-0.9418795704841614,0.3398576080799103,-0.3811601996421814,-0.4565586447715759,-0.017079131677746773,0.023846175521612167,0.028040636330842972,0.29200851917266846
1.5606012999996892,0.05577753484249115,0.349445641040802,-0.9681804776191711,0.33972328901290894,-0.3811596632003784,-0.46767595410346985,-0.017038729041814804,0.023880265653133392,0.028024157509207726,0.29199546575546265
1.5800837999995565,0.06114497408270836,0.34944283962249756,-0.991923987865448,0.3397054076194763,-0.38117310404777527,-0.4757143557071686,-0.017061464488506317,0.023884085938334465,0.028038399294018745,0.29199349880218506
1.6003235999996832,0.0632946640253067,0.3495011031627655,-1.0142762660980225,0.3397015333175659,-0.3811437487602234,-0.48397296667099,-0.017061131075024605,0.02388443425297737,0.02802259847521782,0.2919972538948059
1.6201971999998932,0.06312061101198196,0.34958210587501526,-1.033618688583374,0.3396379053592682,-0.38109222054481506,-0.4952300488948822,-0.017060821875929832,0.023875705897808075,0.028041185811161995,0.2920093536376953
1.6405767999999625,0.06370826065540314,0.34957781434059143,-1.051600694656372,0.3396833539009094,-0.3810417056083679,-0.5101946592330933,-0.017050642520189285,0.02384760044515133,0.02803490310907364,0.2919880449771881
1.6606190999996215,0.06554631888866425,0.34955069422721863,-1.0685713291168213,0.3396674394607544,-0.38103169202804565,-0.5250933170318604,-0.01705649122595787,0.02384609542787075,0.02802979201078415,0.292001336812973
1.680111499999839,0.06970173120498657,0.34959498047828674,-1.086395263671875,0.33963149785995483,-0.38096675276756287,-0.537216067314148,-0.01704486832022667,0.02384335547685623,0.028043614700436592,0.29201191663742065
1.700154399999974,0.07570014894008636,0.34973523020744324,-1.1076109409332275,0.3395789861679077,-0.3809795379638672,-0.547773003578186,-0.017077289521694183,0.02385196089744568,0.02803964912891388,0.29200589656829834
1.7205951999999343,0.08466480672359467,0.3499053418636322,-1.1326491832733154,0.33949702978134155,-0.38094401359558105,-0.5582256317138672,-0.017073266208171844,0.0238945335149765,0.028050076216459274,0.2920042872428894
1.7400623999997151,0.09260698407888412,0.350074827671051,-1.160355567932129,0.3394094705581665,-0.3807060718536377,-0.5668938159942627,-0.01705123856663704,0.0238774586468935,0.028047850355505943,0.29200080037117004
1.7605862999998863,0.10375764966011047,0.3504657447338104,-1.193235158920288,0.33926260471343994,-0.38048988580703735,-0.5736079216003418,-0.01706065610051155,0.023888275027275085,0.028040925040841103,0.2920047640800476
1.7802698999998938,0.1140747144818306,0.3512517809867859,-1.224753975868225,0.33898109197616577,-0.38040992617607117,-0.5792447328567505,-0.0170610174536705,0.023870596662163734,0.028056208044290543,0.29200851917266846
1.8005402999997386,0.12321293354034424,0.3519405722618103,-1.2568777799606323,0.338945209980011,-0.3804079294204712,-0.5856294631958008,-0.01705070026218891,0.023841775953769684,0.028039447963237762,0.2919982373714447
1.8201729999996132,0.1237163320183754,0.35218727588653564,-1.2881288528442383,0.33893078565597534,-0.3804289400577545,-0.5906422138214111,-0.017046434804797173,0.023842155933380127,0.02802586555480957,0.2920086681842804
1.840590599999814,0.12409640103578568,0.35246700048446655,-1.319297194480896,0.3388991951942444,-0.38025420904159546,-0.5937252640724182,-0.01706741936504841,0.023840300738811493,0.02805425599217415,0.29201453924179077
1.8601297999998678,0.1296931356191635,0.35322728753089905,-1.351015329360962,0.3384888768196106,-0.37975645065307617,-0.5961942076683044,-0.017043516039848328,0.023859385401010513,0.02802775800228119,0.2919987440109253
1.8805601999997634,0.1393357813358307,0.35872265696525574,-1.3854904174804688,0.3376358449459076,-0.3796357810497284,-0.6004438400268555,-0.01704241894185543,0.02389022335410118,0.02804117277264595,0.2919987142086029
1.9002144999999473,0.14535236358642578,0.37214580178260803,-1.4226897954940796,0.33762937784194946,-0.3796032667160034,-0.6035535335540771,-0.017079362645745277,0.02390245348215103,0.028042100369930267,0.29201027750968933
1.9205783999996129,0.1550913155078888,0.3801775574684143,-1.4645397663116455,0.3376159965991974,-0.3795692026615143,-0.6065545678138733,-0.017057348042726517,0.023862045258283615,0.02804834581911564,0.29199740290641785
1.940536599999632,0.16537976264953613,0.3889298737049103,-1.5089877843856812,0.33702754974365234,-0.37957459688186646,-0.6064558029174805,-0.017037097364664078,0.0238531231880188,0.02802923694252968,0.2919921576976776
1.9602928999997857,0.1779032051563263,0.39350754022598267,-1.552174687385559,0.33412879705429077,-0.3795894384384155,-0.6064512729644775,-0.017043553292751312,0.023847177624702454,0.02803800441324711,0.29202184081077576
1.9805879999998979,0.187074214220047,0.40515631437301636,-1.5948759317398071,0.3181406855583191,-0.3796181082725525,-0.6064494848251343,-0.017045972868800163,0.02384793572127819,0.028029490262269974,0.2920020520687103
2.0005126999999447,0.19464997947216034,0.4061681926250458,-1.6338043212890625,0.29481059312820435,-0.37960994243621826,-0.6064808368682861,-0.01705753803253174,0.023861156776547432,0.028040966019034386,0.2919970750808716
2.0204946999997446,0.20239005982875824,0.4073781669139862,-1.6718357801437378,0.2717171311378479,-0.37969133257865906,-0.6065675020217896,-0.017059579491615295,0.02387998066842556,0.028014319017529488,0.2920071482658386
2.0405197000000044,0.21551813185214996,0.4079061448574066,-1.7064261436462402,0.250525563955307,-0.3797440528869629,-0.6066279411315918,-0.017035186290740967,0.02388521283864975,0.028049319982528687,0.29201069474220276
2.0605729999997493,0.22879700362682343,0.40980595350265503,-1.7410236597061157,0.2316494882106781,-0.37972530722618103,-0.606601357460022,-0.01705726608633995,0.023873023688793182,0.028051745146512985,0.29200422763824463
2.0805853999995634,0.24044860899448395,0.41361743211746216,-1.775771141052246,0.21634645760059357,-0.37970224022865295,-0.6064836978912354,-0.017047148197889328,0.023888159543275833,0.02803884632885456,0.29200029373168945
2.100660899999639,0.24993807077407837,0.42066043615341187,-1.8125978708267212,0.20367905497550964,-0.3797038495540619,-0.6064693331718445,-0.017049383372068405,0.023853562772274017,0.02803415060043335,0.2919938564300537
2.1206145999999535,0.26368284225463867,0.42234453558921814,-1.845983862876892,0.19185888767242432,-0.37962156534194946,-0.6065402626991272,-0.017056066542863846,0.02384774386882782,0.028018567711114883,0.29199662804603577
2.140572599999814,0.28142911195755005,0.42303624749183655,-1.8742444515228271,0.17941927909851074,-0.37960079312324524,-0.6066145896911621,-0.017052266746759415,0.02384217455983162,0.028034649789333344,0.292003333568573
2.1601466999995864,0.29817792773246765,0.42488396167755127,-1.897559404373169,0.1668226271867752,-0.37956008315086365,-0.6066020727157593,-0.017046671360731125,0.0238591767847538,0.028031539171934128,0.29200494289398193
2.1804960999998,0.30807173252105713,0.42818617820739746,-1.920738935470581,0.15123969316482544,-0.3794228434562683,-0.6065957546234131,-0.017053287476301193,0.023877430707216263,0.02802806906402111,0.29200369119644165
2.200697599999785,0.31756412982940674,0.43196171522140503,-1.9444739818572998,0.1324436068534851,-0.3793250024318695,-0.6066150665283203,-0.017042767256498337,0.02388463169336319,0.028028860688209534,0.2919955253601074
2.220515299999988,0.3298763632774353,0.43921664357185364,-1.9708672761917114,0.11077702045440674,-0.37896728515625,-0.6067677140235901,-0.017054446041584015,0.023869996890425682,0.02802840992808342,0.29200536012649536
2.240742699999828,0.33787035942077637,0.4465793967247009,-1.9992834329605103,0.08722972869873047,-0.3765423595905304,-0.6074496507644653,-0.01707017607986927,0.023875411599874496,0.028029298409819603,0.2920074462890625
2.260463499999787,0.34773969650268555,0.4573356807231903,-2.0278801918029785,0.06290878355503082,-0.3676074147224426,-0.6099210977554321,-0.017052210867404938,0.023852640762925148,0.028042806312441826,0.29200223088264465
2.280574599999909,0.3559502959251404,0.46928468346595764,-2.0590782165527344,0.03731917589902878,-0.35372740030288696,-0.6170321702957153,-0.017047133296728134,0.023843232542276382,0.028036292642354965,0.2920072078704834
2.3004056999998284,0.36929264664649963,0.48280060291290283,-2.089555263519287,0.012935987673699856,-0.33850616216659546,-0.6251466870307922,-0.017052754759788513,0.023863201960921288,0.028033168986439705,0.292000412940979
2.3207569999999578,0.38608190417289734,0.49634337425231934,-2.1201705932617188,-0.012234906665980816,-0.3220444917678833,-0.6329584121704102,-0.017053674906492233,0.023885801434516907,0.028046568855643272,0.2920035123825073
2.3405105999995612,0.3996553122997284,0.50687575340271,-2.146064281463623,-0.03658803179860115,-0.3051033616065979,-0.638670802116394,-0.01706332340836525,0.023882975801825523,0.02803296409547329,0.2919994294643402
2.3604381999998623,0.41079387068748474,0.509336531162262,-2.166942834854126,-0.06042075529694557,-0.2867380976676941,-0.638342022895813,-0.017067784443497658,0.023869505152106285,0.028038227930665016,0.2920035123825073
2.3805712999997013,0.4213656783103943,0.5104489326477051,-2.1853346824645996,-0.08176834881305695,-0.2676939070224762,-0.6386022567749023,-0.017036350443959236,0.023851528763771057,0.028030341491103172,0.2920076847076416
2.4006257999999434,0.43123725056648254,0.5105376839637756,-2.2032456398010254,-0.09797344356775284,-0.24914222955703735,-0.6388149261474609,-0.017047807574272156,0.02384696714580059,0.028057603165507317,0.2920055091381073
2.420494299999973,0.4437982439994812,0.5106431841850281,-2.220280647277832,-0.1097874715924263,-0.23163682222366333,-0.6391546726226807,-0.017044994980096817,0.023851841688156128,0.028048083186149597,0.2920130789279938
2.4405398999997487,0.45578908920288086,0.510857343673706,-2.23606014251709,-0.11994583159685135,-0.21469642221927643,-0.6403161883354187,-0.017060112208127975,0.023865537717938423,0.028045130893588066,0.29199057817459106
2.460566399999607,0.4683952033519745,0.5124068260192871,-2.2519936561584473,-0.13158799707889557,-0.19706694781780243,-0.6478457450866699,-0.017070360481739044,0.023884491994976997,0.028028791770339012,0.2920076847076416
2.480595799999719,0.4843134582042694,0.5189947485923767,-2.2677717208862305,-0.1444454789161682,-0.17920178174972534,-0.6618696451187134,-0.01703837886452675,0.02387194335460663,0.028036195784807205,0.29200902581214905
2.5002935999996225,0.5040496587753296,0.5287285447120667,-2.2818822860717773,-0.15785178542137146,-0.1626076102256775,-0.6806449890136719,-0.01704571023583412,0.023876924067735672,0.028034158051013947,0.29200538992881775
2.520479399999658,0.5212535262107849,0.5417486429214478,-2.294560670852661,-0.16995027661323547,-0.1462925374507904,-0.7028543949127197,-0.017048101872205734,0.023860622197389603,0.02803945541381836,0.29201173782348633
2.5406097999998565,0.5359116196632385,0.5591254234313965,-2.3055453300476074,-0.18048810958862305,-0.13005320727825165,-0.7283574342727661,-0.017054252326488495,0.023849185556173325,0.028045861050486565,0.29199349880218506
2.560255899999902,0.5507813692092896,0.5788066387176514,-2.3128442764282227,-0.19000381231307983,-0.11360617727041245,-0.7595950365066528,-0.017045488581061363,0.023849621415138245,0.028040412813425064,0.29200440645217896
2.5805695999997624,0.5657867193222046,0.5964127779006958,-2.314950466156006,-0.19878634810447693,-0.09479078650474548,-0.796866238117218,-0.017058013007044792,0.023879146203398705,0.028038974851369858,0.29200661182403564
2.6004761999997754,0.5758633613586426,0.608331024646759,-2.314931869506836,-0.20579023659229279,-0.07403379678726196,-0.8373428583145142,-0.01706096902489662,0.023866519331932068,0.028039485216140747,0.2919875979423523
2.6206027999996877,0.5807133913040161,0.6194952130317688,-2.314906120300293,-0.20803149044513702,-0.05179044231772423,-0.8821163177490234,-0.017043495550751686,0.023877384141087532,0.028024200350046158,0.29200664162635803
2.6404026999998678,0.5850640535354614,0.6296178698539734,-2.3148980140686035,-0.21479040384292603,-0.029864858835935593,-0.9330386519432068,-0.01705804467201233,0.023888347670435905,0.028021028265357018,0.29201582074165344
2.660303699999986,0.5908021926879883,0.6354203820228577,-2.3148910999298096,-0.22052405774593353,-0.007806774228811264,-0.9872680306434631,-0.017055023461580276,0.023858632892370224,0.028035910800099373,0.29200953245162964
2.680630299999848,0.5965451598167419,0.6471073031425476,-2.3148834705352783,-0.21873785555362701,0.0141361178830266,-1.0467033386230469,-0.01706140860915184,0.023845341056585312,0.028045417740941048,0.2920008897781372
2.7005763999995906,0.6020448207855225,0.6589733958244324,-2.314879894256592,-0.21883468329906464,0.034346677362918854,-1.107123613357544,-0.01706424355506897,0.02386513352394104,0.02803788147866726,0.2919952869415283
2.720458299999791,0.609300971031189,0.6686652898788452,-2.3147823810577393,-0.21860365569591522,0.053074292838573456,-1.1664435863494873,-0.01704110950231552,0.023881828412413597,0.028049521148204803,0.29200541973114014
2.7401921999999104,0.6201893091201782,0.6787012815475464,-2.314610004425049,-0.21846352517604828,0.07022262364625931,-1.2213726043701172,-0.017058230936527252,0.023887451738119125,0.028035137802362442,0.2920055389404297
2.7601080999997976,0.6288683414459229,0.6844473481178284,-2.3144116401672363,-0.21842746436595917,0.08677098155021667,-1.2715466022491455,-0.01704729162156582,0.023886816576123238,0.02805415540933609,0.2919979691505432
2.7803930999998556,0.6338843107223511,0.6966306567192078,-2.313969612121582,-0.2184194177389145,0.1033010184764862,-1.31858491897583,-0.01705233007669449,0.0238603837788105,0.02804412692785263,0.2920149862766266
2.8002918999995927,0.6353589296340942,0.7024629712104797,-2.3129992485046387,-0.21838773787021637,0.1193084642291069,-1.3601323366165161,-0.0170387402176857,0.023854803293943405,0.028041010722517967,0.29199743270874023
2.820550699999785,0.635847806930542,0.706436038017273,-2.3105978965759277,-0.2183273881673813,0.1353609561920166,-1.4034523963928223,-0.017050299793481827,0.02384529449045658,0.028037508949637413,0.29200512170791626
2.8405211999997846,0.6378705501556396,0.7132381796836853,-2.3070976734161377,-0.21821187436580658,0.15016907453536987,-1.443479299545288,-0.017031632363796234,0.023853939026594162,0.02804405428469181,0.2919950783252716
2.860548199999812,0.6437494158744812,0.7159781455993652,-2.30245041847229,-0.21798793971538544,0.1621054708957672,-1.477449655532837,-0.017059143632650375,0.02387591078877449,0.028041556477546692,0.29201239347457886
2.8801927999998043,0.6496527791023254,0.7194751501083374,-2.2979440689086914,-0.21775412559509277,0.1686772108078003,-1.4985848665237427,-0.017068391665816307,0.023882940411567688,0.028035489842295647,0.292003870010376
2.900105199999871,0.6560360193252563,0.7245684862136841,-2.294076919555664,-0.2176818996667862,0.16974689066410065,-1.504361629486084,-0.017066936939954758,0.023875048384070396,0.028055211529135704,0.2919968366622925
2.920655799999622,0.6615630388259888,0.733617901802063,-2.290867805480957,-0.2171308547258377,0.16867490112781525,-1.4990507364273071,-0.01705627515912056,0.023875657469034195,0.028052931651473045,0.2920069098472595
2.9406801999998606,0.6636555194854736,0.7369056344032288,-2.2882792949676514,-0.2107609212398529,0.16922403872013092,-1.4980047941207886,-0.017056390643119812,0.023861408233642578,0.02803165651857853,0.29200780391693115
2.9606849999995575,0.6653714776039124,0.7424905896186829,-2.28544545173645,-0.19318120181560516,0.16938632726669312,-1.4980952739715576,-0.017069118097424507,0.023842433467507362,0.028027962893247604,0.29200732707977295
2.9801916999999776,0.6657509803771973,0.7511565685272217,-2.2823307514190674,-0.17723411321640015,0.16959872841835022,-1.497635006904602,-0.017053820192813873,0.02389659360051155,0.028046727180480957,0.29200100898742676
3.000311099999635,0.6655071973800659,0.7522612810134888,-2.2780492305755615,-0.1657697558403015,0.16975244879722595,-1.4924540519714355,-0.017068836838006973,0.023879902437329292,0.02804565243422985,0.29198867082595825
3.0204767999998694,0.665067195892334,0.7528235912322998,-2.273350715637207,-0.15935564041137695,0.16995865106582642,-1.4769415855407715,-0.017040591686964035,0.023862523958086967,0.028038520365953445,0.2919968068599701
3.0405563999997867,0.6647218465805054,0.7527795433998108,-2.2681312561035156,-0.1548791229724884,0.17012198269367218,-1.452541470527649,-0.01706155575811863,0.023865176364779472,0.028031202033162117,0.2920147180557251
3.060564599999907,0.6642420291900635,0.752734899520874,-2.26399564743042,-0.1553209275007248,0.17037543654441833,-1.4244328737258911,-0.017035774886608124,0.02386425994336605,0.028038159012794495,0.2920037508010864
3.0805302999997366,0.6640329957008362,0.7527497410774231,-2.263284206390381,-0.15517070889472961,0.17089952528476715,-1.395117998123169,-0.017063885927200317,0.023868771269917488,0.028039777651429176,0.2920115888118744
3.1005475999995724,0.6642075777053833,0.7526842951774597,-2.2632856369018555,-0.1551746428012848,0.17259052395820618,-1.3627417087554932,-0.017053212970495224,0.023864300921559334,0.02803158201277256,0.29200810194015503
3.1204037999996217,0.6647478938102722,0.7527239322662354,-2.2633116245269775,-0.15523189306259155,0.17485466599464417,-1.3288352489471436,-0.017057795077562332,0.02387889474630356,0.028021233156323433,0.2919948399066925
3.1403714999996737,0.6648073196411133,0.7527759075164795,-2.2633299827575684,-0.15524974465370178,0.18100392818450928,-1.2904064655303955,-0.017070170491933823,0.02388817071914673,0.028050217777490616,0.2920069992542267
3.1605328999999074,0.6648463606834412,0.7527828812599182,-2.26332426071167,-0.1552446335554123,0.18679901957511902,-1.251145362854004,-0.01704857125878334,0.023875940591096878,0.02803931012749672,0.2920088768005371
3.1804902999997466,0.6647998094558716,0.7527512311935425,-2.2633137702941895,-0.15522313117980957,0.19204309582710266,-1.2125053405761719,-0.017050057649612427,0.02387145347893238,0.02803141623735428,0.2919946312904358
3.2004690999997365,0.6647336483001709,0.7527204155921936,-2.2633252143859863,-0.15521863102912903,0.1979733407497406,-1.178168773651123,-0.017049234360456467,0.023855511099100113,0.02804826945066452,0.29201623797416687
3.2205575999996654,0.6648086905479431,0.7527061700820923,-2.263319969177246,-0.15521672368049622,0.20503823459148407,-1.1484266519546509,-0.017033850774168968,0.023853512480854988,0.028021981939673424,0.2920098900794983
3.240446199999951,0.6647371053695679,0.752700686454773,-2.263327121734619,-0.15521368384361267,0.2136860191822052,-1.1246700286865234,-0.01704448089003563,0.02386922761797905,0.02804577723145485,0.2920224070549011
3.2604924999996,0.6646641492843628,0.7527716755867004,-2.263317584991455,-0.15524423122406006,0.2237037867307663,-1.108168363571167,-0.01706365868449211,0.02387990429997444,0.028022490441799164,0.29201310873031616
3.2800678999997217,0.6645506620407104,0.7527153491973877,-2.263329029083252,-0.15530262887477875,0.2333214282989502,-1.1009252071380615,-0.01704133115708828,0.023867489770054817,0.02803347446024418,0.2920098602771759
3.3005389999998442,0.6646468639373779,0.7526794672012329,-2.263321876525879,-0.15537899732589722,0.24184925854206085,-1.1005665063858032,-0.017035676166415215,0.02385656349360943,0.02804458886384964,0.2920018434524536
3.320549299999584,0.6646977663040161,0.7526805400848389,-2.263319492340088,-0.15540054440498352,0.2473386824131012,-1.1035927534103394,-0.017059683799743652,0.02387225814163685,0.02805071882903576,0.2920045256614685
3.3407247999998617,0.6646806001663208,0.752697765827179,-2.263329029083252,-0.15539798140525818,0.2499845325946808,-1.1139779090881348,-0.017049867659807205,0.02385222166776657,0.02804526872932911,0.29200637340545654
3.3605767999997624,0.6646385192871094,0.752693772315979,-2.263317108154297,-0.1555211842060089,0.24912101030349731,-1.1382157802581787,-0.01705341786146164,0.023873185738921165,0.02804138883948326,0.29201099276542664
3.380453999999645,0.6646042466163635,0.752710223197937,-2.2633252143859863,-0.15699303150177002,0.24783878028392792,-1.1721768379211426,-0.017056986689567566,0.023874977603554726,0.028040455654263496,0.2920186519622803
3.400485299999673,0.6646522879600525,0.7527150511741638,-2.2633252143859863,-0.15680308640003204,0.24790991842746735,-1.2124207019805908,-0.01706387847661972,0.023887164890766144,0.02804199792444706,0.29200586676597595
3.420529699999861,0.6646967530250549,0.7527039051055908,-2.2633252143859863,-0.15662479400634766,0.2479614019393921,-1.2552767992019653,-0.017058178782463074,0.023884626105427742,0.028046397492289543,0.29200536012649536
3.440453499999876,0.6646928787231445,0.7526780962944031,-2.263326644897461,-0.15661248564720154,0.24796977639198303,-1.2970290184020996,-0.017051342874765396,0.02386351116001606,0.028026267886161804,0.2919999957084656
3.460523799999919,0.6646092534065247,0.75262051820755,-2.263324737548828,-0.1565501093864441,0.24792265892028809,-1.3408063650131226,-0.01704266667366028,0.0238724984228611,0.028031662106513977,0.29200005531311035
3.480504699999983,0.6646846532821655,0.7525728940963745,-2.263301372528076,-0.15647567808628082,0.2478964775800705,-1.3841753005981445,-0.017037108540534973,0.023857882246375084,0.02803780511021614,0.291999876499176
3.5006162999998196,0.664709210395813,0.7525954842567444,-2.2632944583892822,-0.15647786855697632,0.24785685539245605,-1.4280586242675781,-0.017051542177796364,0.023865550756454468,0.028035977855324745,0.29200443625450134
3.52051849999998,0.6646906137466431,0.7525784969329834,-2.263291835784912,-0.156503826379776,0.24775229394435883,-1.4684937000274658,-0.01705748960375786,0.023868698626756668,0.02804720588028431,0.2920055389404297
3.5404799999996612,0.6646236181259155,0.7525444626808167,-2.2632718086242676,-0.15651530027389526,0.2473849058151245,-1.5026284456253052,-0.01704682782292366,0.02389352396130562,0.02804912067949772,0.29201123118400574
3.560559699999885,0.6647278070449829,0.7525789737701416,-2.26326847076416,-0.15652990341186523,0.24727745354175568,-1.5303415060043335,-0.017060447484254837,0.0238970760256052,0.0280395969748497,0.29199889302253723
3.5807060999995883,0.6647235155105591,0.7525615692138672,-2.2632510662078857,-0.15652380883693695,0.24686095118522644,-1.550946831703186,-0.017050165683031082,0.023883415386080742,0.028039883822202682,0.2919984757900238
3.600114299999859,0.6647332906723022,0.7525268793106079,-2.2632522583007812,-0.15650233626365662,0.24674710631370544,-1.5630427598953247,-0.017044516280293465,0.02385634370148182,0.028050366789102554,0.29200315475463867
3.620197199999893,0.6648045778274536,0.75254887342453,-2.2632503509521484,-0.1564449518918991,0.24674749374389648,-1.5673445463180542,-0.01704559475183487,0.023853540420532227,0.028037479147315025,0.29199856519699097
3.640613199999734,0.6647828817367554,0.7525564432144165,-2.263216972351074,-0.15637682378292084,0.24674777686595917,-1.5656743049621582,-0.01705159991979599,0.023859266191720963,0.028039555996656418,0.2920052409172058
3.660434599999917,0.6648033857345581,0.7525361776351929,-2.2631616592407227,-0.156322181224823,0.24675962328910828,-1.5607008934020996,-0.01704920455813408,0.02385708875954151,0.028042975813150406,0.2920013964176178
3.6805586999998923,0.6648252010345459,0.752600908279419,-2.263026237487793,-0.15630584955215454,0.24678373336791992,-1.5530998706817627,-0.017058761790394783,0.02387266978621483,0.028039870783686638,0.2920040786266327
3.7005018999998356,0.6647695899009705,0.75262850522995,-2.262878894805908,-0.156284362077713,0.2468196004629135,-1.5372593402862549,-0.01705736666917801,0.023884642869234085,0.028041096404194832,0.2920074462890625
3.720527199999651,0.6647720336914062,0.7525593638420105,-2.2625513076782227,-0.156087726354599,0.246837317943573,-1.511020541191101,-0.017058372497558594,0.023866772651672363,0.028048640117049217,0.29200029373168945
3.7404343999996854,0.6647908687591553,0.7526003122329712,-2.2620458602905273,-0.1547892689704895,0.24690140783786774,-1.4760806560516357,-0.017059901729226112,0.023863181471824646,0.028044117614626884,0.29199790954589844
3.7605039000000033,0.6647757291793823,0.7525895833969116,-2.2612595558166504,-0.15143534541130066,0.24697381258010864,-1.4343845844268799,-0.017047259956598282,0.023840518668293953,0.028023341670632362,0.292013019323349
3.7805265999995754,0.6647917032241821,0.752581775188446,-2.2602505683898926,-0.1431421935558319,0.24702224135398865,-1.3931705951690674,-0.01705656200647354,0.023841209709644318,0.028049375861883163,0.2920019328594208
3.8004908999996587,0.664771556854248,0.7526179552078247,-2.259066104888916,-0.13754364848136902,0.2471408247947693,-1.3533358573913574,-0.01705751195549965,0.023857800289988518,0.028049593791365623,0.29200929403305054
3.820225799999662,0.6647294759750366,0.7525737285614014,-2.2562971115112305,-0.14040939509868622,0.24755850434303284,-1.3177227973937988,-0.017055314034223557,0.023883990943431854,0.028033513575792313,0.2920036315917969
3.840294999999969,0.664779782295227,0.7525643706321716,-2.255221128463745,-0.1398274302482605,0.24770863354206085,-1.280789852142334,-0.01706651970744133,0.023887915536761284,0.028023354709148407,0.2919965982437134
3.8601856999998745,0.6648184061050415,0.7525752186775208,-2.255220651626587,-0.1395750641822815,0.24775449931621552,-1.2448973655700684,-0.017039436846971512,0.023870127275586128,0.028036179021000862,0.2920019328594208
3.8804819999995743,0.6649042367935181,0.7526187300682068,-2.255244731903076,-0.1394631266593933,0.2478000968694687,-1.2069997787475586,-0.017046868801116943,0.023862531408667564,0.028042642399668694,0.29200562834739685
3.9004516999998486,0.6648421287536621,0.7526453137397766,-2.2552595138549805,-0.13953284919261932,0.2478039562702179,-1.1722567081451416,-0.017031684517860413,0.02385588176548481,0.028038954362273216,0.29198914766311646
3.9205309999997553,0.6648694276809692,0.7525683641433716,-2.255274534225464,-0.13952338695526123,0.24777476489543915,-1.1421167850494385,-0.017056483775377274,0.023851634934544563,0.02804892510175705,0.29199469089508057
3.9405330999998114,0.6648992300033569,0.7525600790977478,-2.255284070968628,-0.1395367681980133,0.24777069687843323,-1.1212430000305176,-0.017044734209775925,0.02385907806456089,0.028050441294908524,0.29201173782348633
3.9601629999997385,0.6651508808135986,0.7525791525840759,-2.255296230316162,-0.1395215392112732,0.24775518476963043,-1.1134984493255615,-0.01706094481050968,0.02389349415898323,0.028049368411302567,0.292019248008728
3.9805637999998,0.6650485992431641,0.7526117563247681,-2.2553248405456543,-0.13952195644378662,0.2477501779794693,-1.1197643280029297,-0.017034539952874184,0.02388298138976097,0.02803836576640606,0.2920033931732178
4.000476699999581,0.665061891078949,0.7526693940162659,-2.2553372383117676,-0.13953125476837158,0.24775460362434387,-1.1300880908966064,-0.01706501841545105,0.023879926651716232,0.028025444597005844,0.2920061945915222
4.020456299999751,0.6651156544685364,0.7526534199714661,-2.255344867706299,-0.1395208090543747,0.24774891138076782,-1.1459693908691406,-0.01706698164343834,0.023870956152677536,0.02805560640990734,0.2919939160346985
4.040397599999778,0.6651013493537903,0.752704381942749,-2.2553491592407227,-0.13952778279781342,0.24776069819927216,-1.1687684059143066,-0.017057035118341446,0.02385510317981243,0.028031261637806892,0.29200810194015503
4.060677799999667,0.665062665939331,0.7526997923851013,-2.25534987449646,-0.13952821493148804,0.24773797392845154,-1.1994397640228271,-0.01703716814517975,0.023856371641159058,0.028032762929797173,0.29199835658073425
4.080196999999771,0.6650909185409546,0.752709686756134,-2.2553482055664062,-0.1395426243543625,0.2477424442768097,-1.2349717617034912,-0.01705324649810791,0.02386142872273922,0.028040528297424316,0.2920073866844177
4.1001893999996355,0.6651396751403809,0.7526850700378418,-2.25535249710083,-0.1395224779844284,0.2477291226387024,-1.272367238998413,-0.01705096662044525,0.02387990988790989,0.02804679237306118,0.2919961214065552
4.1203144999999495,0.6651499271392822,0.7526668906211853,-2.2553648948669434,-0.1395200490951538,0.2477404624223709,-1.3115403652191162,-0.0170515775680542,0.02388494275510311,0.028039611876010895,0.29200655221939087
4.140412899999774,0.6651257276535034,0.7526801228523254,-2.2553610801696777,-0.13952016830444336,0.2476969063282013,-1.3489220142364502,-0.01705212891101837,0.02386794053018093,0.028051218017935753,0.2920020818710327
4.160578099999839,0.6651117205619812,0.7526724934577942,-2.255347967147827,-0.13952605426311493,0.24767321348190308,-1.3854069709777832,-0.017051033675670624,0.023868879303336143,0.028023306280374527,0.29200389981269836
4.180498599999737,0.6651940941810608,0.752710223197937,-2.255354642868042,-0.13949358463287354,0.24761587381362915,-1.4193329811096191,-0.017052803188562393,0.02385730668902397,0.028047963976860046,0.29200342297554016
4.2004289999999855,0.6651973128318787,0.7526426911354065,-2.2553553581237793,-0.13946077227592468,0.24758771061897278,-1.4489812850952148,-0.017043281346559525,0.023862633854150772,0.028041483834385872,0.2919955253601074
4.2203426999999465,0.6651883125305176,0.7526916265487671,-2.2553441524505615,-0.13944000005722046,0.2474474310874939,-1.4725697040557861,-0.01704966463148594,0.023875387385487556,0.02803684212267399,0.29201042652130127
4.240124399999786,0.6651726365089417,0.7526361346244812,-2.255347728729248,-0.13942275941371918,0.24729681015014648,-1.487892508506775,-0.017056573182344437,0.02387101948261261,0.02802073024213314,0.29199403524398804
4.260263199999827,0.6652096509933472,0.7526296377182007,-2.2553305625915527,-0.1393735706806183,0.24690409004688263,-1.4937083721160889,-0.01706167869269848,0.02388409525156021,0.028032273054122925,0.2920060157775879
4.280385399999886,0.665259599685669,0.7526370286941528,-2.255321502685547,-0.13937067985534668,0.24678383767604828,-1.4914209842681885,-0.017047112807631493,0.023853274062275887,0.028035148978233337,0.2920038402080536
4.300628599999982,0.6651777625083923,0.7526487708091736,-2.255288600921631,-0.13931846618652344,0.2467779964208603,-1.490849494934082,-0.01705155335366726,0.02387138642370701,0.02803611569106579,0.29200971126556396
4.320354999999836,0.6651002168655396,0.7526959776878357,-2.255286693572998,-0.1392759531736374,0.2467854619026184,-1.4894492626190186,-0.0170474611222744,0.023868512362241745,0.028043126687407494,0.29200583696365356
4.3401255999997375,0.6651551723480225,0.7527210712432861,-2.255275249481201,-0.1392001211643219,0.24678842723369598,-1.4791450500488281,-0.017051132395863533,0.0238687414675951,0.028039218857884407,0.29200369119644165
4.36056359999975,0.6651870012283325,0.7527030110359192,-2.255225658416748,-0.13917192816734314,0.24682897329330444,-1.4558863639831543,-0.017061620950698853,0.023847123607993126,0.028032740578055382,0.29200637340545654
4.380090399999972,0.6651473641395569,0.752683162689209,-2.2552106380462646,-0.1391967535018921,0.24683304131031036,-1.4252715110778809,-0.017067790031433105,0.023855308070778847,0.028043966740369797,0.29201698303222656
4.400230599999759,0.6651862859725952,0.7526834607124329,-2.2551522254943848,-0.1392088681459427,0.24683235585689545,-1.3880534172058105,-0.017051611095666885,0.023867741227149963,0.028044726699590683,0.2919977307319641
4.420202499999959,0.6651920080184937,0.7526637315750122,-2.2550809383392334,-0.13927054405212402,0.24683301150798798,-1.3459813594818115,-0.017056606709957123,0.02385316602885723,0.028039762750267982,0.2920014262199402
4.440400899999986,0.6651229858398438,0.7526689767837524,-2.255079746246338,-0.139295756816864,0.2468421906232834,-1.300933599472046,-0.01704280637204647,0.02387327142059803,0.028037164360284805,0.29200124740600586
4.460126599999967,0.6651689410209656,0.7526355385780334,-2.255117177963257,-0.1393296718597412,0.24685579538345337,-1.253896951675415,-0.01705479621887207,0.023869765922427177,0.02803000807762146,0.29200661182403564
4.480556399999841,0.6651430130004883,0.7526820302009583,-2.2551112174987793,-0.13934928178787231,0.2468784600496292,-1.2008674144744873,-0.01705915294587612,0.023860886693000793,0.028046661987900734,0.29198914766311646
4.500481299999592,0.6651360392570496,0.7526746392250061,-2.2551169395446777,-0.1393669843673706,0.24688947200775146,-1.1464896202087402,-0.01707276701927185,0.023862283676862717,0.02802840620279312,0.2920079231262207
4.520691199999874,0.6651427745819092,0.7526629567146301,-2.255133628845215,-0.13938277959823608,0.2468881756067276,-1.0896697044372559,-0.017062563449144363,0.02385418675839901,0.028033355250954628,0.29200315475463867
4.540490399999726,0.6651540994644165,0.7526017427444458,-2.2551751136779785,-0.1393871307373047,0.24690747261047363,-1.0329844951629639,-0.017058417201042175,0.023861359804868698,0.028036905452609062,0.291995644569397
4.560649599999579,0.6651411652565002,0.7526085376739502,-2.2552051544189453,-0.13939809799194336,0.2469056397676468,-0.9769319295883179,-0.017055172473192215,0.023879971355199814,0.02803262323141098,0.29201018810272217
4.580462499999612,0.6651077270507812,0.7526594996452332,-2.255282163619995,-0.13939011096954346,0.2468932718038559,-0.9228747487068176,-0.017049329355359077,0.023859228938817978,0.028039908036589622,0.29200994968414307
4.6006766999998945,0.6649929285049438,0.752650797367096,-2.255349636077881,-0.1394239068031311,0.2468734234571457,-0.8687731027603149,-0.017040859907865524,0.023863039910793304,0.02804775908589363,0.2920094132423401
4.620315499999833,0.6649788618087769,0.7526460289955139,-2.2553648948669434,-0.13941031694412231,0.24687626957893372,-0.8189660906791687,-0.017052078619599342,0.023853009566664696,0.028044866397976875,0.29201453924179077
4.640375399999812,0.6649391651153564,0.7526687979698181,-2.2553699016571045,-0.13938289880752563,0.24688278138637543,-0.7715988755226135,-0.017045937478542328,0.02385895885527134,0.02805030345916748,0.29199209809303284
4.660439999999653,0.6649659872055054,0.7526302337646484,-2.2553675174713135,-0.13936713337898254,0.24687974154949188,-0.7256664037704468,-0.01704299822449684,0.023862332105636597,0.028019053861498833,0.2920039892196655
4.680240599999706,0.6650015115737915,0.7526209950447083,-2.255356788635254,-0.13934829831123352,0.24683983623981476,-0.683074414730072,-0.017061591148376465,0.023860495537519455,0.028044328093528748,0.2919960021972656
4.700545199999851,0.6649987101554871,0.7526333332061768,-2.2553517818450928,-0.13927918672561646,0.24683882296085358,-0.6394059658050537,-0.017060009762644768,0.023875484243035316,0.028048645704984665,0.2920006215572357
4.720431999999619,0.6650749444961548,0.7525932788848877,-2.25529146194458,-0.13920268416404724,0.24683311581611633,-0.5976190567016602,-0.017055679112672806,0.023853890597820282,0.028038520365953445,0.2920091152191162
4.7405909999997675,0.6651426553726196,0.7526111006736755,-2.2552905082702637,-0.13903436064720154,0.24681273102760315,-0.5559693574905396,-0.017053907737135887,0.023866849020123482,0.028043825179338455,0.29199546575546265
4.760430899999847,0.6651071310043335,0.7526563405990601,-2.255228042602539,-0.13828465342521667,0.2468125820159912,-0.5153439044952393,-0.017064008861780167,0.02387075312435627,0.028036566451191902,0.2920014560222626
4.780227399999603,0.6651238203048706,0.752642810344696,-2.2551703453063965,-0.13008180260658264,0.2468288242816925,-0.4744468331336975,-0.017047621309757233,0.02387431263923645,0.02803506888449192,0.29201245307922363
4.800455099999908,0.6650897860527039,0.7526921629905701,-2.254809617996216,-0.10988733172416687,0.24683153629302979,-0.43153902888298035,-0.017049819231033325,0.023873144760727882,0.02804219350218773,0.2920001149177551
4.820462199999838,0.6648615598678589,0.7526954412460327,-2.2537190914154053,-0.08758118748664856,0.24687445163726807,-0.3884776532649994,-0.017064841464161873,0.023875048384070396,0.028032131493091583,0.2919973134994507
4.840312699999686,0.6645811200141907,0.7526364922523499,-2.2499947547912598,-0.06716278195381165,0.24689708650112152,-0.34602639079093933,-0.01704936847090721,0.0238642655313015,0.028034426271915436,0.29199451208114624
4.86050989999967,0.6616573333740234,0.75254887342453,-2.241274833679199,-0.05116590857505798,0.24691757559776306,-0.30722376704216003,-0.017056040465831757,0.023855799809098244,0.02803734876215458,0.29200437664985657
4.880428399999801,0.6587271094322205,0.7524524927139282,-2.2296338081359863,-0.04162612557411194,0.24693427979946136,-0.2724907696247101,-0.017062215134501457,0.02384987473487854,0.02804599329829216,0.2920035123825073
4.900500699999611,0.6587023138999939,0.7523540258407593,-2.216925859451294,-0.03632831573486328,0.24691690504550934,-0.242355614900589,-0.01705872267484665,0.02385234646499157,0.028032198548316956,0.292000412940979
4.920323800000006,0.6585816144943237,0.7522518634796143,-2.2030153274536133,-0.03490974009037018,0.2469334602355957,-0.21587230265140533,-0.01705928146839142,0.023859811946749687,0.028043430298566818,0.29201722145080566
4.940493299999616,0.6580262184143066,0.7519561052322388,-2.1895954608917236,-0.034275591373443604,0.24692986905574799,-0.18964646756649017,-0.01705530285835266,0.02388334646821022,0.028015200048685074,0.2919972538948059
4.96045869999989,0.653679370880127,0.7516819834709167,-2.17819881439209,-0.03170941025018692,0.24694465100765228,-0.16374975442886353,-0.017059169709682465,0.02387348748743534,0.028049195185303688,0.2920100688934326
4.9803053999999065,0.6448889970779419,0.7511234879493713,-2.168527364730835,-0.019879762083292007,0.24684329330921173,-0.13692505657672882,-0.017054762691259384,0.023877307772636414,0.02805030718445778,0.2920001149177551
5.00038799999993,0.6371227502822876,0.750751256942749,-2.159440040588379,-0.00200822320766747,0.2468913346529007,-0.1077883169054985,-0.017041783779859543,0.023863811045885086,0.02803773060441017,0.2920111417770386
5.0205198999997265,0.6282963752746582,0.749987006187439,-2.149010181427002,0.01757388561964035,0.24685591459274292,-0.08038443326950073,-0.017045337706804276,0.023845668882131577,0.02803790383040905,0.29200685024261475
5.040099899999859,0.619165301322937,0.7490708827972412,-2.1364054679870605,0.03488510102033615,0.24687319993972778,-0.05555872619152069,-0.01705515757203102,0.02386646531522274,0.028032295405864716,0.2920060157775879
5.060461299999588,0.6115464568138123,0.7472914457321167,-2.1219046115875244,0.05071311816573143,0.24689874053001404,-0.03228040784597397,-0.017054324969649315,0.023867862299084663,0.02802710235118866,0.2919931411743164
5.0805952999999135,0.5994225740432739,0.7436176538467407,-2.107388973236084,0.06368216872215271,0.24690349400043488,-0.012998395599424839,-0.017049137502908707,0.023862970992922783,0.028041521087288857,0.29200583696365356
5.100566099999924,0.5858004093170166,0.7358535528182983,-2.092616558074951,0.07395286113023758,0.2469058334827423,0.0035603123251348734,-0.017047859728336334,0.023881854489445686,0.02803768776357174,0.29199445247650146
5.120160399999804,0.5713446140289307,0.731580376625061,-2.078366756439209,0.08304812759160995,0.2469523549079895,0.01878204569220543,-0.017053410410881042,0.023869341239333153,0.02805189974606037,0.2919920086860657
5.140408399999615,0.5553665161132812,0.7263117432594299,-2.063723564147949,0.09391635656356812,0.24694500863552094,0.033401794731616974,-0.017046920955181122,0.023860082030296326,0.028036370873451233,0.29200249910354614
5.160175099999833,0.5403923392295837,0.714455783367157,-2.0488667488098145,0.10677111893892288,0.24696952104568481,0.046710576862096786,-0.017060965299606323,0.023866405710577965,0.0280337892472744,0.292003333568573
5.18060719999994,0.5251964330673218,0.7096268534660339,-2.030712604522705,0.12076367437839508,0.24698767066001892,0.05975184589624405,-0.01707124337553978,0.023895032703876495,0.02803497202694416,0.2919955849647522
5.2005113999998684,0.5092331767082214,0.7027846574783325,-2.0105109214782715,0.13455119729042053,0.2469990998506546,0.07262448221445084,-0.017072521150112152,0.023873595520853996,0.028048988431692123,0.29199594259262085
5.220522499999788,0.49279746413230896,0.6953248977661133,-1.9899640083312988,0.14796853065490723,0.2470402717590332,0.08376190066337585,-0.017063412815332413,0.023859573528170586,0.028014086186885834,0.29199573397636414
5.240417099999831,0.47724995017051697,0.6917741298675537,-1.9677271842956543,0.15986384451389313,0.2470589131116867,0.09275899827480316,-0.01704741083085537,0.023863470181822777,0.02804597094655037,0.2920006513595581
5.260172099999636,0.4627171754837036,0.6829068660736084,-1.94487726688385,0.16917240619659424,0.24703755974769592,0.0987275168299675,-0.017049331218004227,0.02385614812374115,0.028042415156960487,0.2920001149177551
5.280437799999618,0.4446023106575012,0.6749734282493591,-1.9235564470291138,0.17670173943042755,0.24699005484580994,0.10272146761417389,-0.017036613076925278,0.02387051470577717,0.028046002611517906,0.29200395941734314
5.300131599999986,0.4273785352706909,0.667511522769928,-1.9032871723175049,0.17914557456970215,0.2470283806324005,0.1028650552034378,-0.01704970747232437,0.02386682853102684,0.02804248407483101,0.2920055687427521
5.320616699999846,0.408601313829422,0.6556405425071716,-1.8824539184570312,0.1847866177558899,0.24703072011470795,0.10295040905475616,-0.01706598699092865,0.02386467531323433,0.028035959228873253,0.2919853925704956
5.340489399999569,0.3900398910045624,0.6466363072395325,-1.8606774806976318,0.18310734629631042,0.24704387784004211,0.10292866826057434,-0.017070358619093895,0.023879799991846085,0.02803327515721321,0.2920052409172058
5.360333599999649,0.3718813955783844,0.6396955251693726,-1.8342571258544922,0.1833789050579071,0.2470625340938568,0.1029578149318695,-0.01704426482319832,0.02386360615491867,0.02805188111960888,0.29199743270874023
5.380458199999794,0.35513538122177124,0.6302746534347534,-1.8036837577819824,0.18353252112865448,0.2470618039369583,0.10298412293195724,-0.01703745871782303,0.02384817786514759,0.028035283088684082,0.29200392961502075
5.400218999999652,0.3368459641933441,0.6218429803848267,-1.7717093229293823,0.18358337879180908,0.24705630540847778,0.10309445858001709,-0.01706792041659355,0.023867232725024223,0.02802981808781624,0.29200002551078796
5.420427199999722,0.3176133632659912,0.6136818528175354,-1.7387553453445435,0.18370413780212402,0.24704931676387787,0.10312382876873016,-0.017049673944711685,0.023867620155215263,0.02805597148835659,0.29200199246406555
5.440494299999955,0.300748348236084,0.6062135696411133,-1.7055344581604004,0.18394270539283752,0.2470586746931076,0.1030951738357544,-0.017047055065631866,0.023861488327383995,0.028050784021615982,0.29199865460395813
5.460551399999986,0.28452712297439575,0.5964635610580444,-1.6735647916793823,0.18639583885669708,0.247049942612648,0.10309424996376038,-0.017052114009857178,0.023881081491708755,0.028054963797330856,0.29199743270874023
5.48014239999975,0.26860207319259644,0.5855559706687927,-1.6402753591537476,0.20056383311748505,0.24702556431293488,0.10312408208847046,-0.017045553773641586,0.023883156478405,0.0280409324914217,0.29200392961502075
5.50028409999959,0.251203715801239,0.5735065340995789,-1.6045377254486084,0.2194976657629013,0.24699094891548157,0.10307492315769196,-0.01706378348171711,0.02385558746755123,0.02803579904139042,0.29198968410491943
5.520525599999928,0.23457497358322144,0.5641973614692688,-1.5665478706359863,0.2360774576663971,0.2469952553510666,0.10304229706525803,-0.01706622913479805,0.023857323452830315,0.028046537190675735,0.2919924855232239
5.5403457999996135,0.21919982135295868,0.5518938302993774,-1.5278329849243164,0.24669109284877777,0.24698986113071442,0.1030164510011673,-0.017059244215488434,0.02386186644434929,0.02805628813803196,0.29202020168304443
5.5605211999995845,0.20378905534744263,0.5391783714294434,-1.4873583316802979,0.24874256551265717,0.24698753654956818,0.10301530361175537,-0.017041170969605446,0.02385655976831913,0.028038853779435158,0.29200685024261475
5.580456499999855,0.18889716267585754,0.5328701734542847,-1.4473328590393066,0.24843758344650269,0.24697591364383698,0.10303901880979538,-0.017048120498657227,0.02388453111052513,0.02801535464823246,0.292006254196167
5.6005511999997,0.17546552419662476,0.5190615653991699,-1.4060859680175781,0.24828201532363892,0.24698425829410553,0.1030723974108696,-0.01704702526330948,0.023890694603323936,0.02804282121360302,0.29200637340545654
5.620408699999643,0.16575635969638824,0.5055351257324219,-1.3634331226348877,0.24820880591869354,0.24696800112724304,0.10306835174560547,-0.017066217958927155,0.02387796714901924,0.028035197407007217,0.29200977087020874
5.640618799999629,0.15493175387382507,0.4980832040309906,-1.3156976699829102,0.24821943044662476,0.24696481227874756,0.1030661016702652,-0.017063062638044357,0.023865709081292152,0.028038805350661278,0.29200446605682373
5.660536099999717,0.14208471775054932,0.48505452275276184,-1.2669693231582642,0.2482084333896637,0.24694150686264038,0.10308022052049637,-0.01704772189259529,0.02387186326086521,0.028031108900904655,0.2920096516609192
5.680577499999799,0.1309073269367218,0.47970840334892273,-1.21705961227417,0.24821895360946655,0.24688361585140228,0.10310325771570206,-0.01707487180829048,0.023884424939751625,0.028045326471328735,0.2920057773590088
5.7005459999995765,0.12081879377365112,0.46917086839675903,-1.1669676303863525,0.24821753799915314,0.2469135969877243,0.10308288782835007,-0.017054583877325058,0.023851124569773674,0.028039516881108284,0.2919918894767761
5.720262399999683,0.11734206974506378,0.46577808260917664,-1.118006944656372,0.2482042759656906,0.24691346287727356,0.10304966568946838,-0.01703556999564171,0.023852694779634476,0.028038213029503822,0.29201561212539673
5.740108999999848,0.1135236844420433,0.45738428831100464,-1.0682313442230225,0.2481832355260849,0.2469276636838913,0.10281883180141449,-0.017056912183761597,0.02386808954179287,0.02804415300488472,0.2919936776161194
5.76021449999962,0.10344072431325912,0.4483143389225006,-1.0195077657699585,0.248146191239357,0.24691590666770935,0.10246972739696503,-0.017039986327290535,0.02387186326086521,0.02804410643875599,0.2920094132423401
5.780094399999598,0.09435807168483734,0.44044777750968933,-0.9730699062347412,0.24818497896194458,0.24699200689792633,0.10245908051729202,-0.017073683440685272,0.023849356919527054,0.028037086129188538,0.29200479388237
5.800147699999798,0.08769029378890991,0.4346994161605835,-0.928213357925415,0.24818721413612366,0.24698621034622192,0.10242988914251328,-0.01705833524465561,0.023862900212407112,0.028049249202013016,0.29200488328933716
5.820063299999674,0.08299984037876129,0.42811068892478943,-0.8886180520057678,0.2481669932603836,0.24691997468471527,0.102448470890522,-0.017055045813322067,0.023864977061748505,0.028037160634994507,0.29200279712677
5.840460799999619,0.07745149731636047,0.41333720088005066,-0.8515353798866272,0.2481277883052826,0.24696578085422516,0.10246309638023376,-0.017052441835403442,0.023865191265940666,0.028048792853951454,0.2920181155204773
5.8604912999999215,0.06778091937303543,0.40076902508735657,-0.8197889924049377,0.24799203872680664,0.24699291586875916,0.10257520526647568,-0.01704839989542961,0.023860162124037743,0.02804204262793064,0.2919989228248596
5.880529599999591,0.06008264422416687,0.3955857753753662,-0.7897157669067383,0.24781809747219086,0.24698972702026367,0.10254688560962677,-0.01705610752105713,0.023866182193160057,0.028041424229741096,0.29199719429016113
5.900224899999557,0.05631279945373535,0.3841310739517212,-0.7600475549697876,0.2475387156009674,0.24702832102775574,0.1025136411190033,-0.017052829265594482,0.023876532912254333,0.028023289516568184,0.2920013666152954
5.920416599999953,0.05418410152196884,0.38178497552871704,-0.7297821044921875,0.24226650595664978,0.24704697728157043,0.10249040275812149,-0.017059411853551865,0.023861167952418327,0.028042897582054138,0.2920007109642029
5.940495399999691,0.04700326547026634,0.37633150815963745,-0.6995911598205566,0.22993676364421844,0.24706262350082397,0.10248434543609619,-0.017041416838765144,0.023857425898313522,0.028039520606398582,0.2920045256614685
5.960437999999613,0.03985851630568504,0.36054089665412903,-0.6719014644622803,0.21531234681606293,0.24707293510437012,0.10253399610519409,-0.0170438252389431,0.023869823664426804,0.028047189116477966,0.29200416803359985
5.980387599999631,0.034136347472667694,0.34743404388427734,-0.6460074186325073,0.2001952826976776,0.2470642328262329,0.1025199145078659,-0.0170644111931324,0.023869335651397705,0.028034809976816177,0.2919929325580597
6.00037409999959,0.03149835020303726,0.34194231033325195,-0.6210589408874512,0.18552961945533752,0.24705971777439117,0.10253189504146576,-0.017063913866877556,0.023868776857852936,0.028051067143678665,0.29200479388237
6.020059499999661,0.02830784022808075,0.33315950632095337,-0.5965321063995361,0.17124345898628235,0.24706286191940308,0.10250759869813919,-0.01706010475754738,0.023886652663350105,0.028046170249581337,0.2919997274875641
6.040430099999867,0.022497322410345078,0.3278181552886963,-0.5698702335357666,0.15666452050209045,0.24705944955348969,0.10253078490495682,-0.01706712320446968,0.02389741688966751,0.028057221323251724,0.2920076251029968
6.060594899999614,0.015565160661935806,0.32371366024017334,-0.5428775548934937,0.14271360635757446,0.24705706536769867,0.10254078358411789,-0.017062613740563393,0.023855578154325485,0.02804245427250862,0.2919948697090149
6.08018039999979,0.011436088010668755,0.3148808479309082,-0.5171992182731628,0.1296798586845398,0.2470632791519165,0.10249204188585281,-0.017054252326488495,0.023853350430727005,0.028036460280418396,0.2919929027557373
6.100406799999746,0.010682692751288414,0.312457799911499,-0.4915185272693634,0.11601236462593079,0.24704289436340332,0.10246464610099792,-0.017050471156835556,0.02386295050382614,0.02804556116461754,0.2920037508010864
6.1202705999999125,0.01092737726867199,0.31252971291542053,-0.4669273793697357,0.10234226286411285,0.24705588817596436,0.10245852917432785,-0.017050599679350853,0.02387850172817707,0.028047174215316772,0.29201310873031616
6.140287899999748,0.011766842566430569,0.31262633204460144,-0.4448934495449066,0.08932691812515259,0.24706777930259705,0.10245883464813232,-0.01706954464316368,0.02387581393122673,0.02804638259112835,0.2919962406158447
6.160682799999904,0.012749707326292992,0.31268319487571716,-0.4261534512042999,0.07767749577760696,0.24706274271011353,0.10247214138507843,-0.017058497294783592,0.02386617101728916,0.028035279363393784,0.2920058071613312
6.180391299999883,0.012958595529198647,0.3125956654548645,-0.40946879982948303,0.0690489113330841,0.24706214666366577,0.10244832187891006,-0.017040729522705078,0.02385978028178215,0.028039172291755676,0.29202893376350403
6.200571499999569,0.012884180061519146,0.31204959750175476,-0.3934188187122345,0.06142624467611313,0.24706219136714935,0.10239747166633606,-0.0170475784689188,0.02385862171649933,0.02803729847073555,0.29199087619781494
6.220357199999853,0.012808903120458126,0.3118407726287842,-0.37858447432518005,0.05429024621844292,0.24706393480300903,0.10239183902740479,-0.01706605963408947,0.02385813742876053,0.028046410530805588,0.2920137345790863
6.240109699999721,0.012796343304216862,0.311876505613327,-0.36497053503990173,0.04803016781806946,0.2470635026693344,0.10239673405885696,-0.017061959952116013,0.023853188380599022,0.028028227388858795,0.2919989824295044
6.260172599999805,0.012856107205152512,0.31193557381629944,-0.3520295023918152,0.0462346076965332,0.24705770611763,0.10239536315202713,-0.01704639568924904,0.023875121027231216,0.028034353628754616,0.2920149564743042
6.280488499999592,0.013032945804297924,0.3119364380836487,-0.33960777521133423,0.04648110270500183,0.24705743789672852,0.10239917039871216,-0.01703418418765068,0.02388031594455242,0.028040029108524323,0.29200124740600586
6.300447399999939,0.013473502360284328,0.3119661808013916,-0.3278571367263794,0.04655221104621887,0.247064471244812,0.10239506512880325,-0.017083492130041122,0.023863835260272026,0.02804489992558956,0.29199934005737305
6.320353399999931,0.013666041195392609,0.31211501359939575,-0.3156036138534546,0.04654037952423096,0.2470615953207016,0.10239782929420471,-0.017063647508621216,0.02386823296546936,0.02804066613316536,0.29199570417404175
6.3401042999998936,0.01363387145102024,0.312280535697937,-0.30140364170074463,0.04649108648300171,0.24706465005874634,0.10245151817798615,-0.017036940902471542,0.023845773190259933,0.028037600219249725,0.2919986844062805
6.360441199999968,0.013731511309742928,0.31236889958381653,-0.2854619026184082,0.046501677483320236,0.24706439673900604,0.10245335102081299,-0.017050843685865402,0.023853719234466553,0.028035888448357582,0.2920120358467102
6.38051889999997,0.014419159851968288,0.31245526671409607,-0.26909691095352173,0.04649357497692108,0.24706389009952545,0.10245709866285324,-0.01706014946103096,0.023868730291724205,0.028029555454850197,0.2919943034648895
6.400223599999663,0.01468424778431654,0.3124661445617676,-0.252928227186203,0.04649447649717331,0.24706460535526276,0.10246429592370987,-0.017056135460734367,0.023868031799793243,0.028054112568497658,0.29200899600982666
6.420425799999975,0.014660541899502277,0.3125009834766388,-0.23658214509487152,0.046487219631671906,0.24706880748271942,0.10246408730745316,-0.01705944910645485,0.023861251771450043,0.028054380789399147,0.2920037508010864
6.440556899999592,0.01464165560901165,0.3125557601451874,-0.2222875952720642,0.04651619493961334,0.24706430733203888,0.10246705263853073,-0.017051514238119125,0.023869972676038742,0.02804417535662651,0.2920073866844177
6.460500699999557,0.01462015975266695,0.31254100799560547,-0.2110029011964798,0.046505555510520935,0.24706211686134338,0.10245393961668015,-0.01705624721944332,0.023871270939707756,0.02804984152317047,0.2919995188713074
6.48037499999964,0.014501148834824562,0.31255295872688293,-0.20226158201694489,0.046508271247148514,0.24706442654132843,0.10244685411453247,-0.0170724019408226,0.02386639267206192,0.028036529198288918,0.29200059175491333
6.500363599999673,0.014492250978946686,0.312574177980423,-0.1945570409297943,0.04650958627462387,0.2470613420009613,0.10244101285934448,-0.017048429697752,0.023881396278738976,0.028042245656251907,0.2919977307319641
6.5205793999998605,0.014508090913295746,0.3125908672809601,-0.18709886074066162,0.04651227593421936,0.24706454575061798,0.10244447737932205,-0.0170542374253273,0.023870376870036125,0.028034143149852753,0.29198920726776123
6.54015199999958,0.0144228246062994,0.31253907084465027,-0.18026381731033325,0.0465201810002327,0.24706178903579712,0.10244225710630417,-0.017066894099116325,0.023881997913122177,0.028041331097483635,0.2919911742210388
6.56055779999997,0.014355805702507496,0.31273677945137024,-0.17424479126930237,0.046511419117450714,0.2470645010471344,0.10245805978775024,-0.01705840602517128,0.02385859191417694,0.028030501678586006,0.29200801253318787
6.580403199999637,0.014158925972878933,0.312788188457489,-0.1696898341178894,0.04653133451938629,0.24706050753593445,0.1024513989686966,-0.017041772603988647,0.023875392973423004,0.02805418334901333,0.2919885516166687
6.600214799999776,0.014246456325054169,0.31280380487442017,-0.16609631478786469,0.04653754085302353,0.24706441164016724,0.10244862735271454,-0.01704990118741989,0.023855838924646378,0.02803996577858925,0.2919957935810089
6.6204187999996975,0.014361771754920483,0.31278929114341736,-0.16262352466583252,0.046523675322532654,0.2470645159482956,0.10245146602392197,-0.017049089074134827,0.023861531168222427,0.028047150000929832,0.2919963002204895
6.640462899999875,0.014225859194993973,0.31280162930488586,-0.16005954146385193,0.046544358134269714,0.24706152081489563,0.10243459790945053,-0.017054665833711624,0.023872531950473785,0.028045587241649628,0.292011559009552
6.660412299999734,0.01387767493724823,0.3129558563232422,-0.1564359813928604,0.04653377830982208,0.24706441164016724,0.10245200991630554,-0.017047060653567314,0.02387675829231739,0.028018768876791,0.2920079827308655
6.6804213999998865,0.014081433415412903,0.31310808658599854,-0.1524268090724945,0.04654054343700409,0.2470645010471344,0.10241839289665222,-0.017052646726369858,0.023870496079325676,0.02804517187178135,0.2920001745223999
6.700548099999651,0.014138654805719852,0.3131159543991089,-0.14724209904670715,0.046529389917850494,0.24706436693668365,0.10242690145969391,-0.017074164003133774,0.023864267393946648,0.02802463248372078,0.2919999957084656
6.720202299999983,0.01399583462625742,0.3131692111492157,-0.14167436957359314,0.046522364020347595,0.24706436693668365,0.10240209102630615,-0.017051927745342255,0.023862045258283615,0.028050947934389114,0.2920028567314148
6.740465699999731,0.013969207182526588,0.31319332122802734,-0.13694702088832855,0.04652339220046997,0.24707144498825073,0.10240606963634491,-0.017052507027983665,0.023864347487688065,0.02803969755768776,0.29199913144111633
6.760465999999724,0.014125614427030087,0.3131563365459442,-0.13326680660247803,0.0465230867266655,0.2470729947090149,0.10239358991384506,-0.017064794898033142,0.02387763187289238,0.028043024241924286,0.29200220108032227
6.780499399999826,0.01410470250993967,0.31314533948898315,-0.13188618421554565,0.046503692865371704,0.24706606566905975,0.10239025205373764,-0.017042968422174454,0.023873602971434593,0.028030099347233772,0.29201096296310425
6.800413299999946,0.014039542526006699,0.3131406009197235,-0.1318681538105011,0.04651835560798645,0.24706651270389557,0.10239161550998688,-0.01704963855445385,0.023868972435593605,0.028048504143953323,0.292003333568573
6.820464199999606,0.014051738195121288,0.31314969062805176,-0.1318727731704712,0.04653800651431084,0.24707463383674622,0.10238520056009293,-0.017044654116034508,0.02387566864490509,0.028040748089551926,0.2919924557209015
6.840452899999946,0.014088933356106281,0.3131803870201111,-0.13186974823474884,0.04654812067747116,0.2470713108778,0.10239381343126297,-0.01704191043972969,0.02385750599205494,0.02802700735628605,0.29201459884643555
6.860392099999899,0.014069582335650921,0.3131675124168396,-0.13186770677566528,0.04652278870344162,0.2470652014017105,0.10240406543016434,-0.01704176515340805,0.023856114596128464,0.02804902382194996,0.2920081615447998
6.880507099999704,0.01403571292757988,0.31321847438812256,-0.13186095654964447,0.0465460866689682,0.24706532061100006,0.10239541530609131,-0.01704663410782814,0.023865370079874992,0.02804769016802311,0.29199492931365967
6.900344199999836,0.014098928309977055,0.3132243752479553,-0.1317947953939438,0.04654299467802048,0.24707835912704468,0.10238401591777802,-0.017048852518200874,0.02386157028377056,0.028047258034348488,0.2920059263706207
6.920456599999852,0.01407480426132679,0.31325775384902954,-0.13166719675064087,0.046536803245544434,0.24709473550319672,0.10239424556493759,-0.017053142189979553,0.02386254444718361,0.028026074171066284,0.2920118570327759
6.940378899999814,0.01406100858002901,0.3132568299770355,-0.13147766888141632,0.04652348905801773,0.24707892537117004,0.10240335762500763,-0.017058469355106354,0.02385970763862133,0.02803957089781761,0.2920011878013611
6.960459599999922,0.014084450900554657,0.31321534514427185,-0.13109639286994934,0.04654039815068245,0.24708518385887146,0.10240247845649719,-0.01705649308860302,0.02387436293065548,0.028043106198310852,0.29199832677841187
6.980457999999999,0.014108198694884777,0.31320658326148987,-0.13030754029750824,0.04654484987258911,0.24708586931228638,0.102391317486763,-0.017060300335288048,0.02386493980884552,0.028021100908517838,0.2920013666152954
7.000527999999576,0.014047835022211075,0.31326696276664734,-0.12802255153656006,0.0465640053153038,0.24707406759262085,0.10240240395069122,-0.017044350504875183,0.023860355839133263,0.02804690971970558,0.2920030951499939
7.020499499999914,0.014068057760596275,0.31319233775138855,-0.12575680017471313,0.04658449813723564,0.2470872402191162,0.1023939847946167,-0.017054712399840355,0.023868927732110023,0.02804766781628132,0.29200777411460876
7.040453299999626,0.01409235317260027,0.31324467062950134,-0.1252211183309555,0.04658712446689606,0.2470897138118744,0.10239394009113312,-0.01704498752951622,0.023861229419708252,0.02803971618413925,0.29200905561447144
7.0605109999996785,0.01408559549599886,0.313241183757782,-0.12521083652973175,0.04660696163773537,0.24707773327827454,0.10238969326019287,-0.01705174893140793,0.02386646904051304,0.028049446642398834,0.29200416803359985
7.080434299999979,0.014080277644097805,0.3133057653903961,-0.12520119547843933,0.04661659896373749,0.2471073418855667,0.10238774120807648,-0.017050225287675858,0.02386200986802578,0.02804478630423546,0.292005330324173
7.10050609999962,0.014124643988907337,0.31329110264778137,-0.12520703673362732,0.04661548510193825,0.2471117079257965,0.10239095240831375,-0.01706240326166153,0.023849915713071823,0.02804042398929596,0.29199549555778503
7.120473499999662,0.0140306381508708,0.313234806060791,-0.12518903613090515,0.0466240793466568,0.24710297584533691,0.10239750891923904,-0.017066605389118195,0.02387942187488079,0.028026990592479706,0.2920149564743042
7.140530999999555,0.014095470309257507,0.3132515549659729,-0.12520264089107513,0.04663872718811035,0.24709229171276093,0.10238637030124664,-0.01704595424234867,0.023865845054388046,0.02804531343281269,0.29200494289398193
7.160368899999867,0.014105042442679405,0.3132420480251312,-0.12520501017570496,0.04663114249706268,0.24708423018455505,0.10242260247468948,-0.017064621672034264,0.023859718814492226,0.028036441653966904,0.2920038104057312
7.180445899999995,0.01411438174545765,0.31326907873153687,-0.12518587708473206,0.04664667695760727,0.24709339439868927,0.102399542927742,-0.01706790179014206,0.02384866774082184,0.02805222012102604,0.2920114994049072
7.200098199999957,0.014055831357836723,0.3132830560207367,-0.12517428398132324,0.046674858778715134,0.24709434807300568,0.10241356492042542,-0.017069440335035324,0.02386934868991375,0.0280131958425045,0.2920065224170685
7.220308299999942,0.014068552292883396,0.31325051188468933,-0.12515895068645477,0.046686869114637375,0.24708211421966553,0.1023949682712555,-0.017046909779310226,0.02386193536221981,0.028034795075654984,0.2920125126838684
7.240468899999996,0.014075096696615219,0.31327328085899353,-0.12513303756713867,0.04673437774181366,0.24708642065525055,0.1024148166179657,-0.017040271311998367,0.023866256698966026,0.028042875230312347,0.29200056195259094
7.2606072999997195,0.01409856602549553,0.31325459480285645,-0.12515711784362793,0.04679346829652786,0.24710997939109802,0.10240267217159271,-0.017048969864845276,0.02386046014726162,0.028020931407809258,0.2920083999633789
7.280443199999809,0.014059791341423988,0.3132905066013336,-0.1251484900712967,0.046856604516506195,0.24708829820156097,0.10241535305976868,-0.017040884122252464,0.023867927491664886,0.02803940325975418,0.29201793670654297
7.300597199999629,0.014128192327916622,0.31327003240585327,-0.1251564919948578,0.04692208766937256,0.24710071086883545,0.10239111632108688,-0.017052702605724335,0.02387053892016411,0.028043491765856743,0.2919881343841553
7.320345199999792,0.01410629227757454,0.3132430911064148,-0.12516823410987854,0.046946145594120026,0.2470882087945938,0.10240691155195236,-0.017067383974790573,0.023880863562226295,0.02804146707057953,0.29200008511543274
7.3404341999998906,0.014075621962547302,0.3132585287094116,-0.12514176964759827,0.04693920910358429,0.247100368142128,0.10241220146417618,-0.01705959625542164,0.023867899551987648,0.028025295585393906,0.2920033931732178
7.3604176999997435,0.014055614359676838,0.31327828764915466,-0.12517835199832916,0.046952277421951294,0.24709241092205048,0.10241599380970001,-0.017050649970769882,0.023864611983299255,0.028039639815688133,0.2920130491256714
7.380392199999733,0.014098189771175385,0.31323713064193726,-0.12516853213310242,0.046936627477407455,0.24708354473114014,0.10238669812679291,-0.017051808536052704,0.023862967267632484,0.028044430539011955,0.29200494289398193
7.400430699999561,0.014077345840632915,0.3132665455341339,-0.1251698136329651,0.04695628955960274,0.24710065126419067,0.1023947075009346,-0.017059292644262314,0.023860380053520203,0.028045251965522766,0.2920023798942566
7.420587599999635,0.014096955768764019,0.313272088766098,-0.12515896558761597,0.04693302512168884,0.24708545207977295,0.10239469259977341,-0.017065495252609253,0.023877888917922974,0.028048403561115265,0.2919984459877014
7.440496299999722,0.014098981395363808,0.31329718232154846,-0.12514737248420715,0.046936120837926865,0.24711477756500244,0.10241194814443588,-0.017050957307219505,0.02386792004108429,0.02804267220199108,0.2920041084289551
7.460396599999967,0.014094519428908825,0.3132251501083374,-0.12514647841453552,0.046939462423324585,0.2470812201499939,0.10240788012742996,-0.017061877995729446,0.023863717913627625,0.028034180402755737,0.292007178068161
7.480345299999954,0.014099132269620895,0.31329917907714844,-0.12513986229896545,0.04692528769373894,0.24710075557231903,0.10240017622709274,-0.0170606579631567,0.023873543366789818,0.028036685660481453,0.2920020818710327
7.5003076999996665,0.01410756167024374,0.31326594948768616,-0.12513668835163116,0.046930428594350815,0.24710403382778168,0.10240064561367035,-0.017054596915841103,0.023861732333898544,0.028039319440722466,0.292003333568573
7.520337499999641,0.014091270975768566,0.3132473826408386,-0.1251465082168579,0.046937357634305954,0.24709519743919373,0.102415069937706,-0.017067205160856247,0.023859519511461258,0.028032122179865837,0.29200172424316406
7.540508599999612,0.014073357917368412,0.3132522702217102,-0.12514351308345795,0.0469343475997448,0.24710631370544434,0.10241230577230453,-0.01705331727862358,0.023872999474406242,0.02802884951233864,0.2919994592666626
7.560468399999991,0.014092382043600082,0.3132786154747009,-0.1251533329486847,0.04694521427154541,0.247092604637146,0.10241208225488663,-0.017060335725545883,0.023871952667832375,0.028039338067173958,0.2919979989528656
7.580205399999613,0.014108913950622082,0.313275545835495,-0.12512630224227905,0.046935275197029114,0.24709291756153107,0.10241323709487915,-0.01706799864768982,0.02385726384818554,0.0280462633818388,0.291997492313385
7.600482999999713,0.014034735970199108,0.3132810890674591,-0.12513941526412964,0.046933382749557495,0.24710257351398468,0.10241833329200745,-0.01705871894955635,0.02387327328324318,0.02802329882979393,0.29200202226638794
7.62036339999986,0.014109592884778976,0.3132220208644867,-0.1251426637172699,0.04694853723049164,0.24709686636924744,0.10239876061677933,-0.01705765724182129,0.023875510320067406,0.02803768776357174,0.29199647903442383
7.640370299999631,0.014111221767961979,0.31324276328086853,-0.12515997886657715,0.046936843544244766,0.2471107691526413,0.10240606218576431,-0.017057467252016068,0.023880895227193832,0.02803463488817215,0.292011559009552
7.660314499999913,0.014114818535745144,0.31326615810394287,-0.12515929341316223,0.04693477228283882,0.24710965156555176,0.1024172455072403,-0.017061110585927963,0.02388167940080166,0.028040746226906776,0.2920109033584595
7.680370299999595,0.014047196134924889,0.3132461607456207,-0.12514741718769073,0.04694196209311485,0.2470857799053192,0.1024000272154808,-0.017070647329092026,0.023860478773713112,0.028041096404194832,0.29199954867362976
7.700380399999631,0.014039509929716587,0.3133007884025574,-0.12513118982315063,0.04693354666233063,0.24708610773086548,0.10240597277879715,-0.01705019362270832,0.023861177265644073,0.028052736073732376,0.29201650619506836
7.7205362999998215,0.014122512191534042,0.3132971525192261,-0.12514525651931763,0.046934112906455994,0.2470960170030594,0.10240818560123444,-0.017049286514520645,0.023872366175055504,0.028037741780281067,0.2920037508010864
7.740505099999609,0.01406217459589243,0.31328943371772766,-0.12513375282287598,0.0469343326985836,0.24708321690559387,0.10240340232849121,-0.017049014568328857,0.023873811587691307,0.028029657900333405,0.292006254196167
7.760528399999657,0.014077449217438698,0.31326353549957275,-0.12513123452663422,0.04694533348083496,0.24709399044513702,0.10240252315998077,-0.01705355942249298,0.02387530729174614,0.028031088411808014,0.291999489068985
7.780583599999773,0.014079233631491661,0.31326571106910706,-0.12515096366405487,0.0469389334321022,0.24710507690906525,0.1024092584848404,-0.017047235742211342,0.02386927232146263,0.028042474761605263,0.2920088469982147
7.8004259999997885,0.014042713679373264,0.313298761844635,-0.12515276670455933,0.04693935438990593,0.24709926545619965,0.10240234434604645,-0.017061714082956314,0.023857945576310158,0.028026089072227478,0.2920025885105133
7.820320699999684,0.01411297544836998,0.3132864534854889,-0.12514425814151764,0.046946167945861816,0.24707141518592834,0.10241230577230453,-0.01706249639391899,0.023860467597842216,0.028050288558006287,0.29199695587158203
7.840473999999631,0.014102096669375896,0.31328845024108887,-0.12514790892601013,0.04692579060792923,0.24707752466201782,0.102407306432724,-0.017066191881895065,0.023862071335315704,0.02804858610033989,0.29201188683509827
7.860451699999885,0.014060678891837597,0.31324315071105957,-0.1251567006111145,0.04694570600986481,0.24710752069950104,0.10242099314928055,-0.01704917475581169,0.023866022005677223,0.028064226731657982,0.2920030355453491
7.8804291999999805,0.014090261422097683,0.3132786154747009,-0.12513551115989685,0.0469348318874836,0.24707596004009247,0.10239813476800919,-0.017057981342077255,0.023871809244155884,0.02803708054125309,0.29201021790504456
7.900445699999636,0.014097996056079865,0.31327903270721436,-0.12513795495033264,0.04692906141281128,0.24709683656692505,0.10241571068763733,-0.017045017331838608,0.023849083110690117,0.02805563062429428,0.29199671745300293
7.920371599999726,0.01409914344549179,0.3132588565349579,-0.12515124678611755,0.04693303629755974,0.24709273874759674,0.10239729285240173,-0.017066756263375282,0.02386731468141079,0.02802850492298603,0.2920125722885132
7.940449099999569,0.014092771336436272,0.3133028447628021,-0.12514609098434448,0.04691167175769806,0.24708393216133118,0.1024048700928688,-0.017058074474334717,0.023866761475801468,0.028043072670698166,0.29201000928878784
7.960164199999781,0.01409105770289898,0.31328052282333374,-0.12514269351959229,0.04692975431680679,0.24708794057369232,0.10241612792015076,-0.01705443114042282,0.023871559649705887,0.028034180402755737,0.29200422763824463
7.98035179999988,0.014097761362791061,0.3132815957069397,-0.1251462996006012,0.04693715274333954,0.2470976710319519,0.10240048170089722,-0.017042014747858047,0.023866843432188034,0.028054675087332726,0.2920030951499939
8.000401099999635,0.014074249193072319,0.31328219175338745,-0.12515637278556824,0.04693412780761719,0.24710120260715485,0.10241255909204483,-0.017074406147003174,0.02386033535003662,0.02803920768201351,0.29199832677841187
8.020430999999917,0.014073753729462624,0.3132822811603546,-0.1251586675643921,0.04693543165922165,0.24708212912082672,0.10240823775529861,-0.01706082746386528,0.023855898529291153,0.02803616225719452,0.2919996976852417
8.040425899999718,0.014077376574277878,0.3132851719856262,-0.12515446543693542,0.04694818705320358,0.24708233773708344,0.10239490121603012,-0.01705583743751049,0.023864278569817543,0.02802721969783306,0.29200857877731323
8.06019839999999,0.014075248502194881,0.31324875354766846,-0.1251518577337265,0.04694697633385658,0.24707818031311035,0.10239822417497635,-0.01704484596848488,0.02386919967830181,0.028039613738656044,0.29200631380081177
8.080664699999943,0.014130678959190845,0.3132881224155426,-0.12516415119171143,0.0469411239027977,0.24708479642868042,0.10241435468196869,-0.01704290695488453,0.023866912350058556,0.028039073571562767,0.29201310873031616
8.100492499999746,0.014108192175626755,0.31326714158058167,-0.12513861060142517,0.046947043389081955,0.24711349606513977,0.10240662842988968,-0.01704944670200348,0.02386501058936119,0.028023840859532356,0.29200229048728943
8.120372399999724,0.014106416143476963,0.313267320394516,-0.12514430284500122,0.046931710094213486,0.24708609282970428,0.10239202529191971,-0.01706002466380596,0.0238522756844759,0.028051039204001427,0.2920098900794983
8.140474399999675,0.014073031954467297,0.3132554590702057,-0.12513890862464905,0.04693273827433586,0.24708658456802368,0.10241284966468811,-0.017048150300979614,0.023866843432188034,0.028037969022989273,0.29199808835983276
8.160443699999632,0.01407874096184969,0.31324926018714905,-0.12514498829841614,0.04693639278411865,0.2470831423997879,0.10241127014160156,-0.017045967280864716,0.023860082030296326,0.028038300573825836,0.2920082211494446
8.180455599999732,0.014084032736718655,0.3132832944393158,-0.12514999508857727,0.046932920813560486,0.24708370864391327,0.10240807384252548,-0.017046060413122177,0.023875584825873375,0.02804594300687313,0.2919968366622925
8.20028769999999,0.01409753505140543,0.31329211592674255,-0.125144362449646,0.046934325248003006,0.24710935354232788,0.10242297500371933,-0.017070624977350235,0.02386852540075779,0.028037434443831444,0.2920103669166565
8.220373299999665,0.014095389284193516,0.31327933073043823,-0.12516841292381287,0.04693442955613136,0.2471001148223877,0.1024145632982254,-0.017044253647327423,0.023864474147558212,0.02803809568285942,0.29199886322021484
8.240345599999728,0.014100829139351845,0.3132582902908325,-0.12515917420387268,0.04693199321627617,0.2470875084400177,0.10240168124437332,-0.017062373459339142,0.02386600337922573,0.02803635410964489,0.29201528429985046
8.260491999999886,0.014078077860176563,0.31325316429138184,-0.12514987587928772,0.0469500795006752,0.24707867205142975,0.10241512209177017,-0.017053252086043358,0.023885997012257576,0.028052296489477158,0.29200825095176697
8.280514499999754,0.014102977700531483,0.31331175565719604,-0.12517112493515015,0.04694109037518501,0.24709288775920868,0.10241932421922684,-0.01704476773738861,0.02387053146958351,0.028048217296600342,0.2919984459877014
8.300311699999838,0.014064828865230083,0.31325438618659973,-0.12514600157737732,0.04694388434290886,0.24710725247859955,0.10240466892719269,-0.017060494050383568,0.023863447830080986,0.028035324066877365,0.2919990122318268
8.320330799999738,0.014064422808587551,0.31328049302101135,-0.12514472007751465,0.046929195523262024,0.24708734452724457,0.10239627212285995,-0.01706288754940033,0.023852868005633354,0.028021525591611862,0.29202091693878174
