9.00999993973528e-05,0.04382751137018204,0.15542855858802795,0.08595456182956696,-0.04629399627447128,-0.11395237594842911,0.13154101371765137,-7.601750257890671e-05,-0.04615388065576553,-2.9250275474623777e-05,0.04801100492477417
0.020061799999893992,0.04385741800069809,0.1554378718137741,0.08534634858369827,-0.04627373814582825,-0.11394757777452469,0.1315395087003708,-5.50515360373538e-05,-0.04615629464387894,-3.0992501706350595e-05,0.04800419136881828
0.040130499999577296,0.043876565992832184,0.1554408222436905,0.08462011814117432,-0.04626963287591934,-0.11394776403903961,0.13154053688049316,-6.956129800528288e-05,-0.046142641454935074,-1.1591530892474111e-05,0.04800378158688545
0.06032359999971959,0.043790701776742935,0.15545935928821564,0.08462901413440704,-0.046276215463876724,-0.11393589526414871,0.1315404772758484,-6.688555731670931e-05,-0.04614000767469406,-2.5280705813202076e-05,0.04799959808588028
0.08010979999926349,0.043821629136800766,0.15546558797359467,0.08470060676336288,-0.04627503454685211,-0.1139439046382904,0.13154323399066925,-3.444727917667478e-05,-0.0461667999625206,-1.0690244380384684e-05,0.04801340028643608
0.10020019999956276,0.04383132606744766,0.1554550975561142,0.08476031571626663,-0.046261899173259735,-0.11394091695547104,0.1315508782863617,-5.8919351431541145e-05,-0.04614470526576042,-1.6677415260346606e-05,0.048013098537921906
0.12008650000007037,0.04383540153503418,0.15547893941402435,0.08488571643829346,-0.04625851660966873,-0.11394723504781723,0.13156840205192566,-6.147533713374287e-05,-0.046148449182510376,1.5056100437504938e-06,0.048011213541030884
0.14038819999950647,0.04384097084403038,0.15543609857559204,0.08489520847797394,-0.04627647250890732,-0.11395198851823807,0.13154205679893494,-6.603225483559072e-05,-0.04612477123737335,-1.5774403436807916e-05,0.04800651594996452
0.1601074999998673,0.043817926198244095,0.15543986856937408,0.08485919237136841,-0.04625521972775459,-0.11393699049949646,0.13154874742031097,-5.034424611949362e-05,-0.04615547135472298,-8.67019480210729e-06,0.04800347611308098
0.18028729999969073,0.04385904222726822,0.15545375645160675,0.08475621789693832,-0.04625646024942398,-0.11395993828773499,0.1315457820892334,-5.929748294875026e-05,-0.04613901674747467,-1.2505002814577892e-05,0.048007648438215256
0.20044749999942724,0.04385451227426529,0.1554652452468872,0.08474916219711304,-0.046259377151727676,-0.11394648253917694,0.13154277205467224,-6.024269896443002e-05,-0.04615049064159393,-1.623693242436275e-05,0.048007428646087646
0.22016609999991488,0.0438091866672039,0.15549609065055847,0.08460617810487747,-0.0462687611579895,-0.1139625832438469,0.13154150545597076,-5.310988854034804e-05,-0.04614522308111191,-1.6524614693480544e-05,0.04801453649997711
0.240516399999251,0.0438147708773613,0.15548665821552277,0.08458798378705978,-0.04626045748591423,-0.11394814401865005,0.1315404325723648,-6.222711817827076e-05,-0.04615103453397751,1.0800270501931664e-05,0.04799937084317207
0.26052359999994223,0.043833665549755096,0.1554597169160843,0.08454360067844391,-0.04628694802522659,-0.11395442485809326,0.13153569400310516,-7.34953791834414e-05,-0.046154141426086426,-1.4244420526665635e-05,0.04800499975681305
0.280197600000065,0.04379424452781677,0.15545885264873505,0.08452915400266647,-0.04627722129225731,-0.11392701417207718,0.131538525223732,-5.1182327297283337e-05,-0.046142786741256714,-3.1363816788143595e-07,0.048013485968112946
0.3001266000001124,0.043850868940353394,0.15546831488609314,0.08452355116605759,-0.0462871789932251,-0.11396316438913345,0.13149237632751465,-6.747542647644877e-05,-0.04614322632551193,-5.630893610941712e-06,0.04801198095083237
0.320324399999663,0.043864041566848755,0.15546414256095886,0.08426515012979507,-0.046435028314590454,-0.11393886804580688,0.13149061799049377,-4.8433936171932146e-05,-0.046156369149684906,-5.14579369337298e-06,0.048014551401138306
0.34034319999955187,0.043838679790496826,0.15545454621315002,0.08374744653701782,-0.046587832272052765,-0.11392814666032791,0.13147157430648804,-7.480534259229898e-05,-0.04616091400384903,-9.69035318121314e-06,0.04800057038664818
0.36036929999954737,0.04381036013364792,0.1554374098777771,0.0833730697631836,-0.04659862443804741,-0.11395034193992615,0.1314658373594284,-5.657843576045707e-05,-0.04614366590976715,7.80650952947326e-06,0.047996051609516144
0.3801434999995763,0.04389094561338425,0.15545518696308136,0.08309218287467957,-0.04662914574146271,-0.11396243423223495,0.1314605176448822,-5.964340743958019e-05,-0.046146199107170105,-9.348741514259018e-06,0.048006027936935425
0.4001909999997224,0.04385184496641159,0.1554396152496338,0.08100320398807526,-0.046563223004341125,-0.11395935714244843,0.1314689666032791,-7.018199539743364e-05,-0.046153075993061066,-6.9687671384599525e-06,0.04801040515303612
0.4200615999998263,0.04383435845375061,0.15546903014183044,0.07709570229053497,-0.046526581048965454,-0.11394902318716049,0.1314716935157776,-5.618844443233684e-05,-0.046125106513500214,-1.0152460163226351e-05,0.048011865466833115
0.4400703000001158,0.04383132979273796,0.1554832011461258,0.0725322961807251,-0.04649261012673378,-0.11395487934350967,0.1314658522605896,-5.7306002418044955e-05,-0.04616277664899826,-2.7457157557364553e-05,0.04800981283187866
0.4600594999992609,0.04383392632007599,0.15545038878917694,0.06832761317491531,-0.04640550911426544,-0.11394211649894714,0.13147331774234772,-6.849848432466388e-05,-0.04614792764186859,-1.0671477866708301e-05,0.04799900949001312
0.4800716999998258,0.043824151158332825,0.1554322987794876,0.06655367463827133,-0.04637336730957031,-0.11394189298152924,0.1314929723739624,-7.14376728865318e-05,-0.04613620415329933,-4.565887593344087e-06,0.048005808144807816
0.5001297999997405,0.043829865753650665,0.15547607839107513,0.06660906970500946,-0.04637036845088005,-0.11391851305961609,0.13147470355033875,-7.754992111586034e-05,-0.046151500195264816,-7.455511877196841e-06,0.04800233244895935
0.5202497000000221,0.04384699463844299,0.15544942021369934,0.06659739464521408,-0.0463901087641716,-0.11396109312772751,0.13148090243339539,-5.075500666862354e-05,-0.04615551978349686,-1.1267230547673535e-05,0.04800420626997948
0.5403949999999895,0.043841972947120667,0.1554509997367859,0.06659203767776489,-0.046383582055568695,-0.11394114792346954,0.13148710131645203,-6.55651165288873e-05,-0.04615139961242676,-1.2734531992464326e-05,0.04799856245517731
0.5601272999992943,0.04385201632976532,0.15545767545700073,0.0665937215089798,-0.04636971652507782,-0.11391625553369522,0.13148772716522217,-7.185742288129404e-05,-0.0461413636803627,1.3078577012493042e-06,0.04800177738070488
0.5803330999997343,0.04384991154074669,0.1554509401321411,0.06659067422151566,-0.0463569276034832,-0.11394578963518143,0.13147281110286713,-4.9521484470460564e-05,-0.04614076763391495,-2.7792848413810134e-06,0.048003822565078735
0.6002380999998422,0.04385478422045708,0.1554463505744934,0.0665849894285202,-0.04634551703929901,-0.11395132541656494,0.13146233558654785,-7.569776789750904e-05,-0.04612058028578758,-1.982685353141278e-05,0.04800572246313095
0.6200759999992442,0.04389534890651703,0.15544691681861877,0.06655734777450562,-0.04634710028767586,-0.11395353078842163,0.1314551830291748,-5.6490553106414154e-05,-0.04615325853228569,-1.723263630992733e-05,0.04800521209836006
0.6400358000000779,0.043834105134010315,0.15541665256023407,0.06649333983659744,-0.04634808003902435,-0.11396268755197525,0.13139866292476654,-6.918703729752451e-05,-0.04614175856113434,-1.1431417988205794e-05,0.0480099655687809
0.6601679999994303,0.043820567429065704,0.1554543524980545,0.06617102026939392,-0.04638567194342613,-0.11394563317298889,0.13137075304985046,-5.88138573220931e-05,-0.04615439474582672,-3.7129550491954433e-06,0.048009056597948074
0.6805002000000968,0.043868910521268845,0.15542690455913544,0.06560781598091125,-0.04634097218513489,-0.11396080255508423,0.13132110238075256,-5.15718747919891e-05,-0.046148631721735,-2.9119728424120694e-05,0.0480063259601593
0.7005173999996259,0.04381934553384781,0.15546786785125732,0.0634581446647644,-0.04632824286818504,-0.11394296586513519,0.13129837810993195,-6.566655065398663e-05,-0.04614529013633728,-1.1038929187634494e-05,0.04801243543624878
0.7204646999998658,0.04385143518447876,0.15547935664653778,0.058719225227832794,-0.04631972312927246,-0.11393717676401138,0.13124282658100128,-6.446173938456923e-05,-0.046141523867845535,1.2438104022294283e-06,0.048005610704422
0.7404583999996248,0.043840691447257996,0.15545982122421265,0.052734941244125366,-0.04624578729271889,-0.11395332962274551,0.1312386691570282,-6.622113869525492e-05,-0.046143606305122375,-1.9334795069880784e-05,0.0480063259601593
0.7600241000000096,0.043849535286426544,0.15544186532497406,0.04507690295577049,-0.046203646808862686,-0.11394233256578445,0.1312471330165863,-5.2239716751500964e-05,-0.04615066945552826,-1.5705609257565811e-06,0.04800756275653839
0.7804744999994,0.043833568692207336,0.15544430911540985,0.03555958718061447,-0.04616997763514519,-0.11393437534570694,0.13123750686645508,-6.675018812529743e-05,-0.04613669961690903,-1.2466261978261173e-05,0.048002906143665314
0.8000334999996994,0.04382166638970375,0.15545405447483063,0.026427214965224266,-0.046165332198143005,-0.11395176500082016,0.13124550879001617,-5.77045175305102e-05,-0.04614313691854477,-2.1265494069666602e-05,0.0480077899992466
0.8205289999996239,0.04380601644515991,0.15544810891151428,0.017730576917529106,-0.046165939420461655,-0.11395037174224854,0.13123321533203125,-4.494617314776406e-05,-0.046164169907569885,-2.1210344129940495e-06,0.048007551580667496
0.840024999999514,0.04387640208005905,0.15548186004161835,0.010491336695849895,-0.04616007208824158,-0.11396598070859909,0.13118058443069458,-4.914999954053201e-05,-0.046163223683834076,-1.1749224540835712e-05,0.04801487177610397
0.8604262999997445,0.043837085366249084,0.15542548894882202,0.0035934746265411377,-0.04616257920861244,-0.11395296454429626,0.1311260461807251,-6.203434895724058e-05,-0.04614686220884323,-1.2095430975023191e-05,0.04800046235322952
0.8804147000000739,0.04384087771177292,0.15544141829013824,-0.0033849754836410284,-0.04616463556885719,-0.11394784599542618,0.131145179271698,-6.988691166043282e-05,-0.046160753816366196,-1.763557975209551e-06,0.04800214245915413
0.9004440999997314,0.04382602125406265,0.15546149015426636,-0.010274553671479225,-0.04616202414035797,-0.11396463215351105,0.13112926483154297,-5.808678179164417e-05,-0.04615882411599159,-2.083138042507926e-06,0.04800192266702652
0.920064299999467,0.04381948709487915,0.15546175837516785,-0.016501929610967636,-0.046169787645339966,-0.11395964026451111,0.13112196326255798,-6.884896720293909e-05,-0.04614194110035896,-1.4187820852384903e-05,0.048013631254434586
0.9401787999995577,0.043857261538505554,0.15543480217456818,-0.021782228723168373,-0.04615745693445206,-0.11395610123872757,0.13113903999328613,-5.4139647545525804e-05,-0.04612424224615097,-2.2757763872505166e-05,0.04801328107714653
0.9600260999995953,0.04383145272731781,0.15546780824661255,-0.026473918929696083,-0.046165581792593,-0.11395929008722305,0.1311241090297699,-5.342609802028164e-05,-0.046161212027072906,-1.6418056475231424e-05,0.0480099618434906
0.980215099999441,0.04381866008043289,0.15543439984321594,-0.029130298644304276,-0.046154946088790894,-0.11395829170942307,0.13109880685806274,-7.274869858520105e-05,-0.04615192115306854,-1.913548112497665e-05,0.04800635948777199
1.0000239000000875,0.043826326727867126,0.15546900033950806,-0.03234025835990906,-0.04614180326461792,-0.11397476494312286,0.13108915090560913,-7.376079156529158e-05,-0.04615546017885208,-9.921737728291191e-06,0.0480135902762413
1.0200691999998526,0.043852221220731735,0.15546783804893494,-0.03539299592375755,-0.046115241944789886,-0.1139642745256424,0.13106366991996765,-5.476678779814392e-05,-0.046144768595695496,-1.2478663848014548e-05,0.04800519719719887
1.0405117999998765,0.0438665933907032,0.15547552704811096,-0.03713230788707733,-0.04608544707298279,-0.11397477239370346,0.13107571005821228,-7.90477279224433e-05,-0.04613038897514343,-2.2445692593464628e-05,0.04799041897058487
1.0600283999992826,0.04381965845823288,0.15547029674053192,-0.04040456563234329,-0.04603163152933121,-0.1139749065041542,0.13099664449691772,-7.312468369491398e-05,-0.04613146185874939,-1.0483800906513352e-05,0.04800716042518616
1.0805363999998008,0.043829746544361115,0.15545251965522766,-0.04437568783760071,-0.04603445902466774,-0.11394583433866501,0.13088873028755188,-6.307943840511143e-05,-0.046149224042892456,-1.24624793897965e-05,0.04800747334957123
1.1005043999994086,0.043808214366436005,0.15544536709785461,-0.0494130477309227,-0.046017371118068695,-0.11397188901901245,0.13089454174041748,-4.881664062850177e-05,-0.04614943265914917,-3.3279638955718838e-06,0.048007212579250336
1.1202736999994158,0.043835967779159546,0.1554555743932724,-0.05672836676239967,-0.04597880691289902,-0.11397639662027359,0.13089723885059357,-5.226653229328804e-05,-0.046142395585775375,-5.184228939469904e-06,0.04800916090607643
1.1404155999998693,0.04383610188961029,0.1554582566022873,-0.06653109192848206,-0.04597794637084007,-0.1139652356505394,0.1308930367231369,-5.8753495977725834e-05,-0.046131670475006104,-1.0437480341352057e-05,0.04801079258322716
1.1604182000000947,0.043841652572155,0.15543590486049652,-0.07698757946491241,-0.04595569521188736,-0.11396095901727676,0.13092005252838135,-5.096935637993738e-05,-0.046158209443092346,-4.077267476532143e-06,0.04800407961010933
1.1804373999993913,0.04381389170885086,0.15549863874912262,-0.08712794631719589,-0.04593048617243767,-0.11396366357803345,0.1309099793434143,-7.107178680598736e-05,-0.0461462065577507,-2.404452970949933e-05,0.048005640506744385
1.2005014999995183,0.04380112141370773,0.1554620862007141,-0.09568639099597931,-0.04592280089855194,-0.11397594958543777,0.1309211254119873,-8.177147537935525e-05,-0.0461457297205925,4.4365071971697034e-07,0.048011284321546555
1.2205176999996183,0.04383443295955658,0.15547898411750793,-0.10210316628217697,-0.04587658867239952,-0.113968126475811,0.13092480599880219,-5.207181675359607e-05,-0.04615651071071625,-3.7361819522629958e-06,0.04801952466368675
1.2403779999995095,0.04381253942847252,0.15543830394744873,-0.10727529227733612,-0.04577498883008957,-0.11396573483943939,0.13092181086540222,-6.344598659779876e-05,-0.04613455384969711,2.75859929388389e-06,0.04800369217991829
1.2603914999999688,0.04376938194036484,0.15547525882720947,-0.11242937296628952,-0.04570595920085907,-0.11396708339452744,0.13093331456184387,-7.115182961570099e-05,-0.04615037143230438,2.6041047931357753e-06,0.04800461605191231
1.2800436999996236,0.04382836073637009,0.1554718315601349,-0.11857017129659653,-0.045246828347444534,-0.11394809186458588,0.13097316026687622,-5.761186912423e-05,-0.04611992835998535,-2.3103340936359018e-05,0.048002831637859344
1.3001993999996557,0.04382128268480301,0.15549372136592865,-0.1276753693819046,-0.04385615885257721,-0.11395779252052307,0.13100150227546692,-7.110979640856385e-05,-0.04613745957612991,-1.744829205563292e-05,0.048010196536779404
1.3201658999996653,0.043844904750585556,0.15546949207782745,-0.13727855682373047,-0.04417150467634201,-0.1139552891254425,0.13108022511005402,-4.854772487306036e-05,-0.04613848775625229,-1.809891364246141e-05,0.04800274223089218
1.3405230999997002,0.04382222890853882,0.15545858442783356,-0.14690862596035004,-0.044235728681087494,-0.11395201832056046,0.13114096224308014,-7.11469620000571e-05,-0.04614851623773575,-1.5108419574971776e-05,0.047997262328863144
1.360058399999616,0.043869324028491974,0.15545755624771118,-0.15551884472370148,-0.04426819831132889,-0.11393505334854126,0.1311575472354889,-6.924151966813952e-05,-0.0461379811167717,-1.3946968465461396e-05,0.04800710082054138
1.3804201999992074,0.04384637624025345,0.15546877682209015,-0.16339100897312164,-0.04439110308885574,-0.11392093449831009,0.13116861879825592,-6.835794920334592e-05,-0.04614189267158508,-1.3820636013406329e-05,0.04800889641046524
1.4000700999995388,0.04388871416449547,0.1554473340511322,-0.16921323537826538,-0.04455213248729706,-0.11394099146127701,0.1311713606119156,-5.3085237595951185e-05,-0.04613789916038513,-1.568815605423879e-05,0.0480080172419548
1.4200707999998485,0.0438629686832428,0.15547649562358856,-0.17376810312271118,-0.04456041008234024,-0.11392978578805923,0.13117024302482605,-5.203127147979103e-05,-0.04615674912929535,-6.6291149778408e-06,0.04801461473107338
1.4400964999995267,0.043814368546009064,0.15544675290584564,-0.17636436223983765,-0.0446292869746685,-0.1139502301812172,0.13120442628860474,-5.733406578656286e-05,-0.04614096134901047,-6.0808602029283065e-06,0.04799745976924896
1.4605238999993162,0.04387155920267105,0.1554698646068573,-0.17656251788139343,-0.04463079571723938,-0.11394701898097992,0.13118909299373627,-4.218596586724743e-05,-0.04616609215736389,-2.1668194676749408e-05,0.0480043850839138
1.4803722999995443,0.0438314788043499,0.15549001097679138,-0.17663824558258057,-0.04463427513837814,-0.11395656317472458,0.13117459416389465,-6.678288627881557e-05,-0.04615078866481781,-1.2434046766429674e-05,0.04801449179649353
1.5001620999992156,0.04383302107453346,0.15544956922531128,-0.1768411546945572,-0.04464402049779892,-0.11393865197896957,0.13117459416389465,-5.619544390356168e-05,-0.046159304678440094,-1.700953725958243e-05,0.048015013337135315
1.5205209999994622,0.04384703189134598,0.155412957072258,-0.1775219738483429,-0.04471420869231224,-0.11395207047462463,0.13116934895515442,-6.158670294098556e-05,-0.04613982513546944,-2.040165418293327e-05,0.04801228269934654
1.5400417999999263,0.04381439834833145,0.15544818341732025,-0.17859479784965515,-0.044869061559438705,-0.11394912749528885,0.1311570703983307,-5.98496371821966e-05,-0.046150051057338715,-3.47226596204564e-05,0.04800998419523239
1.5605092999994667,0.04387753829360008,0.15543748438358307,-0.18220585584640503,-0.044861406087875366,-0.11395537108182907,0.1311420500278473,-5.3628951718565077e-05,-0.04613106697797775,-1.1749255463655572e-05,0.04800470918416977
1.5804875999992873,0.04384643957018852,0.15546579658985138,-0.18761490285396576,-0.04485238716006279,-0.11394879966974258,0.1311555951833725,-5.228566806181334e-05,-0.04615286365151405,-9.74909562501125e-06,0.048006560653448105
1.6000389999999243,0.04385342448949814,0.15545062720775604,-0.1949930638074875,-0.044812824577093124,-0.11396272480487823,0.1311783492565155,-4.445560625754297e-05,-0.04614805802702904,-1.4730582734046038e-05,0.04801725596189499
1.6200823999997738,0.043828535825014114,0.15545587241649628,-0.2025567889213562,-0.04475272446870804,-0.11393444240093231,0.13123083114624023,-5.8973902923753485e-05,-0.04615321010351181,-6.26063956588041e-06,0.04800835996866226
1.6404998999996678,0.043838661164045334,0.15548911690711975,-0.20729394257068634,-0.044718146324157715,-0.1139492616057396,0.13131234049797058,-6.88749278197065e-05,-0.04615022614598274,-1.737201091600582e-05,0.048013392835855484
1.660098399999697,0.04387815296649933,0.15546320378780365,-0.20704424381256104,-0.04468047246336937,-0.11395253986120224,0.13138756155967712,-7.333797111641616e-05,-0.04613645747303963,-1.6420672181993723e-05,0.04801132529973984
1.6805037999993147,0.043843671679496765,0.15541301667690277,-0.2070087343454361,-0.04467596858739853,-0.11395318061113358,0.13138872385025024,-5.502627027453855e-05,-0.04614514112472534,-1.788151348591782e-05,0.04800381511449814
1.700511699999879,0.04382253438234329,0.15544863045215607,-0.2063470035791397,-0.04470162093639374,-0.11391480267047882,0.13133496046066284,-7.818895392119884e-05,-0.046131350100040436,-7.450430530298036e-06,0.0479891374707222
1.7205207999995764,0.04383338242769241,0.15546809136867523,-0.20507629215717316,-0.04471278190612793,-0.11396483331918716,0.13138628005981445,-5.060574403614737e-05,-0.04612450301647186,-1.668381446506828e-05,0.04800892248749733
1.7405172999997376,0.043851591646671295,0.15546481311321259,-0.20486505329608917,-0.04469621181488037,-0.11394314467906952,0.131539449095726,-6.737264629919082e-05,-0.04615257680416107,-8.59607825987041e-06,0.04799717664718628
1.7605100000000675,0.04383107274770737,0.15545131266117096,-0.20388595759868622,-0.0447114035487175,-0.11397100239992142,0.13157236576080322,-5.880800017621368e-05,-0.04615584760904312,-1.1505298061820213e-05,0.048007965087890625
1.7804997999992338,0.04380064457654953,0.15544013679027557,-0.19973452389240265,-0.04472260922193527,-0.11392156034708023,0.13157936930656433,-4.7906705731293187e-05,-0.046126849949359894,3.3761443773983046e-06,0.04800592362880707
1.8000859999992826,0.04384014755487442,0.15542912483215332,-0.189566969871521,-0.0447448194026947,-0.1139785423874855,0.1316159963607788,-6.814624066464603e-05,-0.046144869178533554,-2.8511220079963095e-05,0.04799921065568924
1.8200555999992503,0.04387092590332031,0.15545915067195892,-0.17179518938064575,-0.04474446177482605,-0.11392941325902939,0.13168466091156006,-6.730847962899134e-05,-0.046139299869537354,-8.703040293767117e-06,0.0480157770216465
1.8405089999996562,0.04384038597345352,0.15547005832195282,-0.14629504084587097,-0.04475949704647064,-0.11395005881786346,0.13177257776260376,-6.222200318006799e-05,-0.04615617170929909,-1.1387910490157083e-05,0.048000484704971313
1.8601072999999815,0.043816499412059784,0.1554642617702484,-0.11726269870996475,-0.04476676881313324,-0.11395449936389923,0.13169191777706146,-6.397529068635777e-05,-0.04614768922328949,-8.671397154103033e-06,0.04801669344305992
1.8805163999995784,0.043832942843437195,0.15545102953910828,-0.08403909206390381,-0.044738590717315674,-0.11395455151796341,0.13166916370391846,-7.790519157424569e-05,-0.04613223299384117,-7.962560630403459e-06,0.04801130294799805
1.9005072999998447,0.043847281485795975,0.15550006926059723,-0.04914769157767296,-0.04469546303153038,-0.11392821371555328,0.1316870152950287,-5.282494748826139e-05,-0.04615308344364166,-1.4200761143001728e-05,0.0480075478553772
1.920506999999816,0.04380231350660324,0.15543849766254425,-0.01718279719352722,-0.044713713228702545,-0.1139741837978363,0.13169442117214203,-8.121888095047325e-05,-0.04615459218621254,-8.655561941850465e-06,0.04800703749060631
1.940056999999797,0.043849315494298935,0.15548637509346008,0.009063433855772018,-0.044701989740133286,-0.11391197144985199,0.131618469953537,-5.463961133500561e-05,-0.046129681169986725,2.508019633751246e-06,0.04799982160329819
1.9601942999997846,0.04380325973033905,0.15546032786369324,0.03135722875595093,-0.04472154378890991,-0.11395429074764252,0.13160258531570435,-4.904687375528738e-05,-0.04614180326461792,-2.8117263354943134e-05,0.048008423298597336
1.9800898999992569,0.04383600130677223,0.15546348690986633,0.04998917877674103,-0.04471336305141449,-0.11394374072551727,0.13161838054656982,-6.703917460981756e-05,-0.04615187644958496,-1.3702298929274548e-05,0.04800720512866974
2.000273599999673,0.04384956508874893,0.1554575264453888,0.06582453101873398,-0.04477984458208084,-0.11393070220947266,0.1316184103488922,-6.814973312430084e-05,-0.04612922668457031,-3.1722491257824004e-05,0.048018261790275574
2.020233399999597,0.04382867366075516,0.15546296536922455,0.07892321050167084,-0.04479844868183136,-0.11392446607351303,0.13159750401973724,-6.463036697823554e-05,-0.046153318136930466,-8.985267413663678e-06,0.048005226999521255
2.0404929999995147,0.04384484142065048,0.15544769167900085,0.09070099890232086,-0.04480607062578201,-0.1139502301812172,0.1316009759902954,-6.577156455023214e-05,-0.04614880681037903,-1.2479767065087799e-05,0.04799145832657814
2.0601784999998927,0.043844327330589294,0.15547464787960052,0.09889311343431473,-0.044782839715480804,-0.11395056545734406,0.1316002905368805,-5.9459915064508095e-05,-0.046145569533109665,-1.6341129594366066e-05,0.048005566000938416
2.080522100000053,0.04386290907859802,0.15547776222229004,0.10218693315982819,-0.04472525417804718,-0.11393529921770096,0.13161399960517883,-6.617368489969522e-05,-0.04615749418735504,-2.0533392671495676e-05,0.04800110310316086
2.100473299999976,0.043841101229190826,0.15541990101337433,0.10197953134775162,-0.04470662772655487,-0.11392852663993835,0.13155639171600342,-4.8614969273330644e-05,-0.046157706528902054,-1.1606794032559264e-05,0.04800351336598396
2.1200873999996475,0.04381716996431351,0.15543276071548462,0.1019497662782669,-0.04468274489045143,-0.11395340412855148,0.1315518617630005,-6.514915730804205e-05,-0.046152904629707336,-6.550911621161504e-06,0.04799569770693779
2.14050319999933,0.043861910700798035,0.15543432533740997,0.10191521793603897,-0.04464368522167206,-0.11394648253917694,0.13156171143054962,-5.064775905339047e-05,-0.04615165293216705,-8.961402500062832e-07,0.04801057651638985
2.160499499999787,0.04384171962738037,0.15542416274547577,0.10087200999259949,-0.04461498558521271,-0.11394903063774109,0.1316024363040924,-5.981391223031096e-05,-0.04614303261041641,-9.969864549930207e-06,0.0479939803481102
2.1805083999997805,0.04384053498506546,0.15543915331363678,0.0979834645986557,-0.04456689581274986,-0.11393531411886215,0.13148170709609985,-6.342457345454022e-05,-0.04615212231874466,-1.885945130197797e-05,0.04800507426261902
2.200231299999359,0.04385547339916229,0.15545238554477692,0.09338724613189697,-0.04455870762467384,-0.11393074691295624,0.13130995631217957,-5.981828144285828e-05,-0.046148307621479034,-1.2241870535945054e-05,0.04800593480467796
2.220169100000021,0.04386039450764656,0.15543913841247559,0.08575424551963806,-0.044553566724061966,-0.11393210291862488,0.13137948513031006,-6.246800330700353e-05,-0.04613901302218437,-1.2516929928096943e-06,0.04800761118531227
2.2406528999999864,0.04389629513025284,0.1554657518863678,0.07399579882621765,-0.044651471078395844,-0.11392039805650711,0.13143721222877502,-6.569795368704945e-05,-0.04614392668008804,-1.328457710769726e-05,0.04801102727651596
2.2605676999992284,0.0438510924577713,0.15544746816158295,0.05818820372223854,-0.04465398192405701,-0.11391588300466537,0.13132032752037048,-5.8618970797397196e-05,-0.04614885151386261,-6.38143319520168e-07,0.0480056032538414
2.2802019999999175,0.04380781203508377,0.15543514490127563,0.03777310252189636,-0.04464498907327652,-0.11394347995519638,0.13115853071212769,-5.389675425249152e-05,-0.04615217447280884,-1.0140079211851116e-05,0.04801081120967865
2.3000819999997475,0.04385199397802353,0.15545959770679474,0.013210412114858627,-0.044626057147979736,-0.11391051858663559,0.13123512268066406,-5.106477692606859e-05,-0.04614200443029404,6.500788458652096e-07,0.04800216853618622
2.320084599999973,0.043857790529727936,0.15545281767845154,-0.01581590436398983,-0.04464390128850937,-0.11395418643951416,0.13138216733932495,-5.6951746955746785e-05,-0.04617084562778473,-1.4387591363629326e-05,0.048004623502492905
2.3405555999997887,0.04383012652397156,0.15546856820583344,-0.04608540236949921,-0.04455848038196564,-0.11393846571445465,0.13138043880462646,-6.737012881785631e-05,-0.046142369508743286,-2.0685269191744737e-05,0.04800882190465927
2.360572499999762,0.0438394695520401,0.1554393768310547,-0.07232128083705902,-0.04454517364501953,-0.11393735557794571,0.1313495934009552,-6.207935803104192e-05,-0.04615042358636856,-9.538955055177212e-06,0.04800250008702278
2.3800321999997323,0.04383154213428497,0.15545426309108734,-0.0926571786403656,-0.04454045742750168,-0.11392378807067871,0.13137201964855194,-6.371334893628955e-05,-0.04615228623151779,-1.0975494660669938e-05,0.04800930991768837
2.4002332000000024,0.04386620968580246,0.15546156466007233,-0.10845272243022919,-0.04453803226351738,-0.11393050104379654,0.13139018416404724,-6.928396760486066e-05,-0.046138945966959,-1.0724004823714495e-05,0.04800872877240181
2.4201665999999022,0.04382729157805443,0.15546709299087524,-0.12058066576719284,-0.04452843591570854,-0.11392714083194733,0.1313626915216446,-4.565533890854567e-05,-0.046148881316185,4.92315621158923e-06,0.04800498113036156
2.4401978999994753,0.043831486254930496,0.1554671823978424,-0.13090768456459045,-0.04453480988740921,-0.1139034554362297,0.13135069608688354,-4.674383671954274e-05,-0.04612851142883301,-1.7936647054739296e-05,0.04800280183553696
2.4601919999995516,0.043839361518621445,0.1554492712020874,-0.1395639181137085,-0.04453253746032715,-0.11392100155353546,0.1313868761062622,-8.332716242875904e-05,-0.0461367666721344,-9.13397889235057e-06,0.048011381179094315
2.480228499999612,0.043897148221731186,0.15546756982803345,-0.14705690741539001,-0.04453409090638161,-0.11393381655216217,0.13139945268630981,-5.703584247385152e-05,-0.046144090592861176,-8.219187293434516e-06,0.048009760677814484
2.500208599999496,0.04382240027189255,0.15545715391635895,-0.15167030692100525,-0.044549331068992615,-0.11394479125738144,0.1313873529434204,-5.860729652340524e-05,-0.04615986347198486,-1.2012708793918137e-05,0.04800784960389137
2.5205989999994927,0.0438726544380188,0.15546883642673492,-0.15126731991767883,-0.044564347714185715,-0.11393436044454575,0.13139888644218445,-5.621413583867252e-05,-0.04615415632724762,-1.0479656339157373e-05,0.048008158802986145
2.540186599999288,0.0438411608338356,0.15545041859149933,-0.15125976502895355,-0.0445881187915802,-0.11391930282115936,0.13145869970321655,-6.620529165957123e-05,-0.04614304378628731,-1.6495512682013214e-05,0.048004213720560074
2.560458599999947,0.04383671283721924,0.15547913312911987,-0.15114322304725647,-0.04463496431708336,-0.11396432667970657,0.1314558982849121,-6.131701229605824e-05,-0.04613664373755455,-8.574950697948225e-06,0.04800187423825264
2.5802264999992985,0.043840523809194565,0.15544703602790833,-0.14969798922538757,-0.04462801665067673,-0.11393550038337708,0.13146573305130005,-5.179112122277729e-05,-0.04615248739719391,-1.6659501852700487e-05,0.04801876097917557
2.600228799999968,0.043858565390110016,0.1554301232099533,-0.14672140777111053,-0.04462007060647011,-0.11393719911575317,0.13153499364852905,-6.508384103653952e-05,-0.04615402966737747,-2.9840880415576976e-06,0.048012446612119675
2.620487199999843,0.04382526874542236,0.155436173081398,-0.14108812808990479,-0.04463663697242737,-0.11393901705741882,0.13160061836242676,-6.186179962242022e-05,-0.04615180566906929,-2.1140363060112577e-07,0.048012908548116684
2.6402287999999317,0.04382944852113724,0.1554822027683258,-0.13368400931358337,-0.0446956492960453,-0.11394453793764114,0.13161757588386536,-5.682295886799693e-05,-0.04615524411201477,3.0483909085887717e-07,0.0480131134390831
2.660124499999256,0.04381950572133064,0.15546293556690216,-0.12316726893186569,-0.044716931879520416,-0.11391434073448181,0.13164415955543518,-5.7542645663488656e-05,-0.04615034535527229,-7.641951924597379e-06,0.04799465462565422
2.6801927999995314,0.04379797726869583,0.15544885396957397,-0.10824543237686157,-0.04505912959575653,-0.11396771669387817,0.13164496421813965,-5.003620753996074e-05,-0.04614491015672684,-2.0653133105952293e-05,0.04800272732973099
2.7001524999996036,0.043838489800691605,0.15545709431171417,-0.08659633994102478,-0.04730325937271118,-0.11394622921943665,0.13168790936470032,-6.141345511423424e-05,-0.04614012688398361,-1.543346661492251e-05,0.048002421855926514
2.7201123999993797,0.04382135346531868,0.1554238498210907,-0.05813755840063095,-0.04648265987634659,-0.11394570022821426,0.13169342279434204,-7.179861859185621e-05,-0.04616276174783707,-2.0952260456397198e-05,0.04801452159881592
2.7402360999994926,0.04385611414909363,0.15547727048397064,-0.025882311165332794,-0.04657415300607681,-0.1139490008354187,0.1316610872745514,-7.026192179182544e-05,-0.04616362228989601,-9.595635674486402e-06,0.04800757020711899
2.7601402999998754,0.043851353228092194,0.15544679760932922,0.007869908586144447,-0.04659467935562134,-0.11390820145606995,0.13162589073181152,-6.13938900642097e-05,-0.04615117609500885,-1.542916288599372e-05,0.04800979048013687
2.780222899999899,0.04384993761777878,0.15543588995933533,0.039571598172187805,-0.04644349589943886,-0.11394818127155304,0.1316317617893219,-6.246762495720759e-05,-0.046156518161296844,-7.460994311259128e-06,0.04801248013973236
2.8002036999996562,0.0438278391957283,0.1554294228553772,0.06538564711809158,-0.04644159972667694,-0.11393260955810547,0.13160887360572815,-5.6903551012510434e-05,-0.04612130671739578,-8.500006515532732e-06,0.04800664260983467
2.8201408999993873,0.04383718967437744,0.15543386340141296,0.08489377796649933,-0.04646635055541992,-0.11396382004022598,0.13154274225234985,-5.717368549085222e-05,-0.046143949031829834,-1.6958983906079084e-05,0.048017699271440506
2.8403112999994846,0.04387454316020012,0.15543459355831146,0.09850937873125076,-0.0464324988424778,-0.11395398527383804,0.13156169652938843,-6.350347393890843e-05,-0.046156249940395355,-2.7478110496303998e-05,0.04800444096326828
2.8605150999992475,0.04382952302694321,0.15545137226581573,0.10524869710206985,-0.04644021391868591,-0.11392833292484283,0.13158705830574036,-6.441449659178033e-05,-0.0461544543504715,-2.198291986132972e-05,0.0480133593082428
2.880184599999666,0.04387754201889038,0.1554497629404068,0.1077066957950592,-0.04645012319087982,-0.11395955830812454,0.13157245516777039,-5.4473250202136114e-05,-0.04614992439746857,-2.155028414563276e-05,0.04800988733768463
2.900243699999919,0.043840304017066956,0.15546853840351105,0.10818127542734146,-0.04640088975429535,-0.11393880844116211,0.1315758377313614,-6.445632607210428e-05,-0.0461450070142746,-1.5423921695401077e-06,0.04801267385482788
2.9203029000000242,0.043857209384441376,0.15543411672115326,0.10818986594676971,-0.0463738851249218,-0.11395109444856644,0.13157537579536438,-6.64384278934449e-05,-0.04615980386734009,-2.188093276345171e-05,0.048001766204833984
2.9404122999994797,0.04386327415704727,0.1554676592350006,0.10809263586997986,-0.04640096798539162,-0.1139528900384903,0.13155469298362732,-5.161075387150049e-05,-0.04614032059907913,1.04033119896485e-06,0.048002224415540695
2.960546599999361,0.04381018877029419,0.15545669198036194,0.10804592818021774,-0.04636256769299507,-0.11394678056240082,0.13153746724128723,-8.032975893002003e-05,-0.04613333195447922,-2.0246363419573754e-05,0.04798586294054985
2.9801729999999225,0.043809473514556885,0.15544137358665466,0.10748901218175888,-0.04629618674516678,-0.11392910778522491,0.13152387738227844,-7.35699140932411e-05,-0.04613935202360153,-1.782504841685295e-05,0.04800184816122055
3.0005449000000226,0.043844930827617645,0.15545706450939178,0.10529680550098419,-0.046283312141895294,-0.11394433677196503,0.13153767585754395,-4.261503636371344e-05,-0.04615360498428345,-1.958847133209929e-05,0.04799368977546692
3.0202904999996463,0.043852102011442184,0.1554574817419052,0.10001270473003387,-0.04625891149044037,-0.11393928527832031,0.13143420219421387,-6.59098441246897e-05,-0.046145886182785034,-2.4025306629482657e-05,0.04801066592335701
3.0402986999997665,0.04385930299758911,0.15546223521232605,0.09070909023284912,-0.04625105857849121,-0.1139439046382904,0.1313762217760086,-5.299737676978111e-05,-0.04614681378006935,-2.4691044018254615e-05,0.04800806939601898
3.0603957999992417,0.04381769895553589,0.15541888773441315,0.07729742676019669,-0.04627027362585068,-0.11392901092767715,0.13144975900650024,-6.935625424375758e-05,-0.046123962849378586,-1.329829956375761e-05,0.048001281917095184
3.0803791999996974,0.043858107179403305,0.15546688437461853,0.06035647168755531,-0.04628875106573105,-0.11394607275724411,0.13142406940460205,-5.856816642335616e-05,-0.04613964632153511,-2.2468528186436743e-05,0.04801054671406746
3.1002476999992723,0.04380960762500763,0.15549591183662415,0.04066615551710129,-0.04623963683843613,-0.11391524970531464,0.13135430216789246,-5.729113399866037e-05,-0.04612906649708748,-2.420295641059056e-05,0.04800589382648468
3.1202488999997513,0.04382096230983734,0.1554262936115265,0.01945694163441658,-0.046191081404685974,-0.11392104625701904,0.13136133551597595,-5.599761425401084e-05,-0.04615397751331329,-2.0289327949285507e-05,0.0480157770216465
3.1401258999994752,0.04379618167877197,0.1554279625415802,-0.0027481825090944767,-0.04616605490446091,-0.1139209195971489,0.13147583603858948,-6.22696170466952e-05,-0.0461328849196434,-2.7272221814200748e-06,0.04799974337220192
3.160283199999867,0.04387349635362625,0.15544098615646362,-0.025206904858350754,-0.04617464542388916,-0.11394473910331726,0.13145661354064941,-6.13533629802987e-05,-0.046155065298080444,-1.868692197604105e-05,0.048006556928157806
3.1801247999992484,0.043845318257808685,0.15545713901519775,-0.04451533406972885,-0.04616835340857506,-0.11393272131681442,0.13139179348945618,-5.9507176047191024e-05,-0.0461578294634819,-1.7485472199041396e-05,0.048003967851400375
3.2002497999992556,0.04385465383529663,0.1554468870162964,-0.06019698828458786,-0.04616992920637131,-0.11392884701490402,0.13140180706977844,-5.502803833223879e-05,-0.04615800455212593,-2.2036278096493334e-05,0.04801936447620392
3.2205295999992813,0.04383441060781479,0.1554514765739441,-0.07503772526979446,-0.04617384076118469,-0.11390835791826248,0.13143685460090637,-5.123867958900519e-05,-0.046121880412101746,-1.9899334802175872e-05,0.04800581559538841
3.240248499999325,0.043814074248075485,0.15546733140945435,-0.09009557962417603,-0.046171173453330994,-0.11391498893499374,0.13140270113945007,-5.999769928166643e-05,-0.04612540081143379,-9.429439160157926e-06,0.04800375550985336
3.2605280999996467,0.043824002146720886,0.1554625928401947,-0.10586418956518173,-0.04616217315196991,-0.11394716054201126,0.13137391209602356,-5.507418609340675e-05,-0.04615084081888199,-1.4257729162636679e-05,0.04800238087773323
3.2802507999995214,0.04386260733008385,0.15544486045837402,-0.12122922390699387,-0.04615321010351181,-0.11393227428197861,0.1314026266336441,-5.0446575187379494e-05,-0.04613890498876572,-1.5707391867181286e-05,0.0480211079120636
3.300550999999359,0.043858904391527176,0.15547674894332886,-0.13828027248382568,-0.0461583212018013,-0.11390350013971329,0.13139250874519348,-6.106878572609276e-05,-0.04614284262061119,-1.8214323063148186e-05,0.0480114109814167
3.320256899999549,0.04388066381216049,0.15550386905670166,-0.15448687970638275,-0.04616648703813553,-0.11393866688013077,0.1313931941986084,-7.425456715282053e-05,-0.04613643139600754,-3.875478796544485e-06,0.04801284894347191
3.3402572999993936,0.04384157061576843,0.1554454118013382,-0.16759589314460754,-0.04615790396928787,-0.11393678188323975,0.13139861822128296,-6.598885374842212e-05,-0.046122729778289795,-4.576529136102181e-06,0.048011574894189835
3.360326499999246,0.043852973729372025,0.15543816983699799,-0.17666348814964294,-0.04613877087831497,-0.11394205689430237,0.1314508318901062,-7.790666859364137e-05,-0.046154771000146866,-2.6514857381698675e-05,0.0480039082467556
3.3805327000000034,0.043881263583898544,0.15542876720428467,-0.18260543048381805,-0.04614333063364029,-0.11394568532705307,0.13145799934864044,-7.388384983642027e-05,-0.04614100232720375,-1.180509298137622e-05,0.04800473526120186
3.4003899999997884,0.04382678121328354,0.15544989705085754,-0.18420696258544922,-0.04612289369106293,-0.11392999440431595,0.1314452439546585,-6.125083018559963e-05,-0.04613109678030014,7.598185220558662e-06,0.04801185056567192
3.4202983999994103,0.04382462799549103,0.15548212826251984,-0.184104785323143,-0.04609951749444008,-0.11393259465694427,0.1314363181591034,-6.133731221780181e-05,-0.0461263507604599,-1.9339422578923404e-05,0.04801288619637489
3.4402915999999095,0.0438544899225235,0.1554415225982666,-0.18410669267177582,-0.046145595610141754,-0.11392278969287872,0.13144735991954803,-5.118690023664385e-05,-0.04613471031188965,-1.028020960802678e-05,0.04801056534051895
3.4605558999992354,0.043804533779621124,0.15545086562633514,-0.184108704328537,-0.04615999013185501,-0.11392446607351303,0.13145919144153595,-4.742194141726941e-05,-0.04614036902785301,-1.6665460861986503e-05,0.04801005870103836
3.480286299999534,0.04387682303786278,0.15545500814914703,-0.18400165438652039,-0.046168867498636246,-0.11394001543521881,0.13145998120307922,-5.79208972339984e-05,-0.04615519940853119,-1.654042353038676e-05,0.04801398515701294
3.5001579999998285,0.04381348192691803,0.1554618924856186,-0.18311309814453125,-0.0462317056953907,-0.11396081000566483,0.1314573734998703,-6.630030839005485e-05,-0.04614872485399246,-1.8273618479724973e-05,0.04800872504711151
3.520170899999357,0.04382150620222092,0.15545329451560974,-0.18068742752075195,-0.04622708261013031,-0.11395369470119476,0.13147655129432678,-6.2595157942269e-05,-0.04614485055208206,-4.133135462325299e-06,0.048011790961027145
3.5402792999993835,0.043834224343299866,0.15545757114887238,-0.17947497963905334,-0.046213217079639435,-0.11395753920078278,0.13152964413166046,-4.2258288885932416e-05,-0.046157240867614746,3.9264523366000503e-07,0.048003651201725006
3.560225499999433,0.043829090893268585,0.15546858310699463,-0.1794908046722412,-0.04620892554521561,-0.11395221948623657,0.1315418779850006,-7.551668386440724e-05,-0.04614979028701782,-2.4679502530489117e-05,0.04800792038440704
3.5801831999997376,0.04387788847088814,0.1554490625858307,-0.1794416606426239,-0.046212948858737946,-0.11394379287958145,0.13154369592666626,-6.407572072930634e-05,-0.046141333878040314,-1.8622384232003242e-05,0.04801763594150543
3.600290800000039,0.04386426880955696,0.1554660052061081,-0.17821216583251953,-0.04619356989860535,-0.11392844468355179,0.13154029846191406,-5.9700574638554826e-05,-0.04613923653960228,-1.2796232113032602e-05,0.04799935594201088
3.620236599999771,0.0438392236828804,0.1554325968027115,-0.17283537983894348,-0.04623349756002426,-0.11395588517189026,0.13160112500190735,-6.073090844438411e-05,-0.04612421244382858,-7.462269877578365e-06,0.047997020184993744
3.6404794999998558,0.043826229870319366,0.15546256303787231,-0.16388662159442902,-0.04622862488031387,-0.11393763870000839,0.13161323964595795,-5.50971926713828e-05,-0.04614964872598648,-8.53903929964872e-06,0.04800831153988838
3.66008039999997,0.04385162889957428,0.15545731782913208,-0.15123316645622253,-0.046227410435676575,-0.11393904685974121,0.13160985708236694,-8.189868822228163e-05,-0.046125203371047974,-2.3539427274954505e-05,0.04800792038440704
3.6806603999993968,0.043803855776786804,0.15541306138038635,-0.13400530815124512,-0.04622109979391098,-0.11395017802715302,0.1315820962190628,-6.0197748098289594e-05,-0.04614100232720375,-1.1420121154515073e-05,0.04800119996070862
3.700079100000039,0.043843671679496765,0.15545737743377686,-0.1183512806892395,-0.04622180759906769,-0.11394654959440231,0.13158217072486877,-6.632215809077024e-05,-0.04614286869764328,-2.1284060494508594e-05,0.04800295829772949
3.720646400000078,0.04383992403745651,0.1554798185825348,-0.10453104972839355,-0.04622071236371994,-0.11395293474197388,0.13155996799468994,-4.51449268439319e-05,-0.04613005369901657,-3.3341853850288317e-05,0.047995589673519135
3.7401730999999927,0.04383798688650131,0.15545505285263062,-0.0944395661354065,-0.04623045772314072,-0.1139381006360054,0.13154226541519165,-6.989364919718355e-05,-0.046156145632267,-1.699099811958149e-05,0.048015277832746506
3.760471499999767,0.04386700689792633,0.15549026429653168,-0.08699499070644379,-0.046226341277360916,-0.11396101862192154,0.13154199719429016,-5.229000453255139e-05,-0.04613903909921646,-1.462148611608427e-05,0.04801959916949272
3.780189699999937,0.04386429116129875,0.15544815361499786,-0.08253735303878784,-0.04623411223292351,-0.11394354701042175,0.1315467804670334,-4.680999700212851e-05,-0.04614977166056633,-1.519702982477611e-05,0.04800894856452942
3.8005247000000963,0.04385346174240112,0.1554364562034607,-0.07939380407333374,-0.04622083157300949,-0.11395436525344849,0.13154169917106628,-5.3684969316236675e-05,-0.04613581299781799,-3.085116532020038e-06,0.048019204288721085
3.8201693999999407,0.04388730973005295,0.15543600916862488,-0.07644248008728027,-0.04623185470700264,-0.1139243096113205,0.13154174387454987,-4.693312439485453e-05,-0.04614836722612381,-6.032078090356663e-07,0.048008993268013
3.840496499999972,0.04382546991109848,0.15543557703495026,-0.0723956823348999,-0.04622609168291092,-0.11394995450973511,0.1315765380859375,-5.77718201384414e-05,-0.046135321259498596,-2.245443465653807e-05,0.04799920693039894
3.8602022999994006,0.04387636110186577,0.15544071793556213,-0.06746621429920197,-0.046196721494197845,-0.11395691335201263,0.13160356879234314,-7.697138062212616e-05,-0.046134673058986664,-2.4081400624709204e-05,0.04801667854189873
3.8800389999996696,0.043849848210811615,0.1554611176252365,-0.0617627389729023,-0.046220116317272186,-0.1139485165476799,0.13160556554794312,-6.322312401607633e-05,-0.046148329973220825,-1.5816600352991372e-05,0.048016734421253204
3.900502999999844,0.04384990036487579,0.15547479689121246,-0.05567726120352745,-0.04620453342795372,-0.11394250392913818,0.13156713545322418,-5.068057726020925e-05,-0.04614310711622238,-2.593152385088615e-05,0.048004720360040665
3.9200849999997445,0.043800368905067444,0.15541009604930878,-0.050816744565963745,-0.046186886727809906,-0.11395665258169174,0.13156825304031372,-5.163247624295764e-05,-0.046168044209480286,-1.8897415429819375e-05,0.04800490289926529
3.9406534999998257,0.043830253183841705,0.1554369479417801,-0.04680049046874046,-0.04619765281677246,-0.11394927650690079,0.13159169256687164,-6.738210504408926e-05,-0.04615122079849243,-1.1613559763645753e-05,0.047998763620853424
3.960326599999462,0.043849650770425797,0.15544010698795319,-0.04573388397693634,-0.04621827229857445,-0.11395185440778732,0.13156741857528687,-6.935822602827102e-05,-0.046139225363731384,-1.4911343896528706e-05,0.0480123795568943
3.9801698000001124,0.043873317539691925,0.1554460972547531,-0.04576004296541214,-0.04622039943933487,-0.11395353823900223,0.1315678060054779,-6.256755295908079e-05,-0.046156853437423706,-1.2919091204821598e-05,0.04801338165998459
4.000070699999924,0.04382706061005592,0.1554572433233261,-0.04574568569660187,-0.046224452555179596,-0.11393316835165024,0.13158556818962097,-6.008673517499119e-05,-0.04614853858947754,8.582364898757078e-06,0.048002589493989944
4.020337799999652,0.04383910074830055,0.1554487943649292,-0.045735009014606476,-0.046226270496845245,-0.1139494776725769,0.1316012740135193,-5.9118556237081066e-05,-0.04613722860813141,-7.695289241382852e-06,0.04800666868686676
4.040111899999829,0.0438518263399601,0.15542754530906677,-0.045739442110061646,-0.04622028023004532,-0.11393365263938904,0.1315765231847763,-5.375816181185655e-05,-0.04613841325044632,-1.5770863683428615e-05,0.0480208583176136
4.060225999999602,0.043890565633773804,0.15544968843460083,-0.04575209319591522,-0.04622232913970947,-0.11394117027521133,0.13157227635383606,-4.9715636123437434e-05,-0.04613377898931503,-7.118379016901599e-06,0.04799417033791542
4.080146899999818,0.04384785145521164,0.15542684495449066,-0.04576009139418602,-0.046229586005210876,-0.1139465868473053,0.13157448172569275,-5.9608246374409646e-05,-0.04613640531897545,-8.942755812313408e-06,0.047996580600738525
4.100169099999221,0.04389498010277748,0.15544401109218597,-0.0457911379635334,-0.046216823160648346,-0.11395769566297531,0.1315584033727646,-7.270292553585023e-05,-0.04614216089248657,-7.695844033150934e-06,0.04801017791032791
4.120155199999317,0.043839916586875916,0.1554660201072693,-0.045788444578647614,-0.04622256010770798,-0.11394280940294266,0.13155780732631683,-6.759962707292289e-05,-0.046145543456077576,-9.966874131350778e-06,0.04801247641444206
4.140147199999774,0.04380632936954498,0.15546837449073792,-0.04581274837255478,-0.04621647670865059,-0.11394882947206497,0.13156920671463013,-7.334329711738974e-05,-0.046146050095558167,-1.6317899280693382e-05,0.04800690710544586
4.160557599999265,0.04383910447359085,0.15543526411056519,-0.04581171274185181,-0.046229686588048935,-0.11394187062978745,0.13155224919319153,-6.502574251499027e-05,-0.046139538288116455,1.044879809342092e-06,0.04801853001117706
4.180109299999458,0.04384356737136841,0.15546709299087524,-0.04581692814826965,-0.04623348265886307,-0.11396294087171555,0.13155171275138855,-5.845813939231448e-05,-0.046153925359249115,-3.127717354800552e-05,0.04800799489021301
4.200287499999831,0.04381280392408371,0.1554352194070816,-0.04581151157617569,-0.04622873663902283,-0.11393512785434723,0.13154715299606323,-5.5547272495459765e-05,-0.04615601524710655,1.2966916074219625e-06,0.04800579324364662
4.220472099999824,0.043869465589523315,0.15545733273029327,-0.045816097408533096,-0.046232424676418304,-0.11394830793142319,0.13155364990234375,-5.9342681197449565e-05,-0.04615812003612518,-1.3779731489194091e-05,0.04800550639629364
4.240515699999378,0.043833859264850616,0.15544220805168152,-0.0458245649933815,-0.04622737318277359,-0.11395452171564102,0.1315421462059021,-6.086157009121962e-05,-0.04613809660077095,-1.5451743820449337e-05,0.048004720360040665
4.260468799999217,0.04382813721895218,0.15546004474163055,-0.04581917077302933,-0.04621784761548042,-0.11393173784017563,0.13154742121696472,-5.559202691074461e-05,-0.04615383222699165,-1.2317800610617269e-05,0.048012327402830124
4.280177799999365,0.04383784905076027,0.1554669290781021,-0.04580768197774887,-0.046216901391744614,-0.11393997818231583,0.1315547227859497,-6.912359094712883e-05,-0.04613544046878815,5.064199285698123e-06,0.04801218956708908
4.300485599999774,0.04384182393550873,0.15549145638942719,-0.045772984623909,-0.04621025174856186,-0.1139795258641243,0.13155514001846313,-6.170607230160385e-05,-0.04614657536149025,-1.32954728542245e-05,0.04800453037023544
4.320493399999577,0.04385010898113251,0.15543246269226074,-0.04578264057636261,-0.04621484875679016,-0.11395083367824554,0.13155391812324524,-5.144242095411755e-05,-0.046157628297805786,-2.183346623496618e-05,0.04800628870725632
4.340492599999379,0.0438535213470459,0.15546666085720062,-0.04578103870153427,-0.046192072331905365,-0.11395537108182907,0.13156017661094666,-7.54014981794171e-05,-0.046146102249622345,-1.4724570064572617e-05,0.04801623150706291
4.360407299999679,0.04384227097034454,0.15547031164169312,-0.04575842618942261,-0.04621351882815361,-0.1139439195394516,0.1315905600786209,-5.5773736676201224e-05,-0.0461512953042984,-1.2838390830438584e-05,0.04800453782081604
4.380449700000099,0.04383768141269684,0.1554708182811737,-0.04578453674912453,-0.046202003955841064,-0.11393788456916809,0.13156160712242126,-4.440622797119431e-05,-0.04614829272031784,6.306121576926671e-06,0.048021648079156876
4.400140599999759,0.043788813054561615,0.15548394620418549,-0.04578847438097,-0.04622206091880798,-0.1139354556798935,0.13158267736434937,-6.0813628806499764e-05,-0.046162717044353485,-7.712603292020503e-06,0.04801495745778084
4.420432999999321,0.0438760407269001,0.15546239912509918,-0.045789629220962524,-0.0462256483733654,-0.11394938826560974,0.13156652450561523,-7.255621312651783e-05,-0.04613693058490753,-1.0025723895523697e-05,0.04801067337393761
4.440167599999768,0.04384174197912216,0.15543781220912933,-0.04580110311508179,-0.046225644648075104,-0.11394834518432617,0.1315889060497284,-6.0493548517115414e-05,-0.04615083336830139,-7.267000000865664e-06,0.04800700768828392
4.460116700000071,0.043835148215293884,0.15546062588691711,-0.04578765854239464,-0.04621921479701996,-0.11394432187080383,0.131557434797287,-6.798041431466118e-05,-0.04614561051130295,-8.964630069385748e-06,0.04799890145659447
4.480501399999412,0.043885260820388794,0.15547135472297668,-0.04580511152744293,-0.046231649816036224,-0.1139538511633873,0.13155940175056458,-5.1923048886237666e-05,-0.04613467678427696,-1.5129969142435584e-05,0.048005830496549606
4.50014740000006,0.04381316155195236,0.1554407924413681,-0.04581886902451515,-0.04623439908027649,-0.11396212875843048,0.1315610408782959,-7.6181189797353e-05,-0.04614150524139404,1.8073310457111802e-06,0.04799896478652954
4.52003650000006,0.043832696974277496,0.15545788407325745,-0.04581308364868164,-0.046243954449892044,-0.11394663155078888,0.13154758512973785,-7.28173617972061e-05,-0.046156156808137894,-1.633431384107098e-05,0.04799285903573036
4.5404782999994495,0.04383594170212746,0.15544413030147552,-0.04580868035554886,-0.04621702805161476,-0.11393514275550842,0.13155221939086914,-6.88440486555919e-05,-0.04614739865064621,-1.888356746349018e-05,0.04800859093666077
4.560499700000037,0.043806277215480804,0.15544629096984863,-0.0458112508058548,-0.0462237112224102,-0.11395780742168427,0.13154688477516174,-6.643595406785607e-05,-0.046150092035532,-5.714736744266702e-06,0.048001233488321304
4.580519099999947,0.043830305337905884,0.15545928478240967,-0.04581061750650406,-0.046224966645240784,-0.11394992470741272,0.13154438138008118,-6.106171349529177e-05,-0.04616522789001465,1.0808025763253681e-06,0.04799533262848854
4.600070499999674,0.04386965557932854,0.155453160405159,-0.04582446813583374,-0.046232447028160095,-0.11393726617097855,0.13156399130821228,-5.01699723827187e-05,-0.04615049436688423,-1.367610639135819e-05,0.04800114035606384
4.620136499999717,0.043841876089572906,0.15544189512729645,-0.04581686854362488,-0.046223320066928864,-0.11395198106765747,0.13156099617481232,-6.108303932705894e-05,-0.04615197703242302,-3.0068376872804947e-05,0.04800945892930031
4.640215699999317,0.043848127126693726,0.15545575320720673,-0.045797452330589294,-0.04621371626853943,-0.11395388096570969,0.13156437873840332,-6.445423059631139e-05,-0.04612194001674652,-2.4146575015038252e-05,0.047998905181884766
4.660484999999426,0.04382903128862381,0.15545761585235596,-0.045787543058395386,-0.0462198480963707,-0.11393863707780838,0.13155856728553772,-5.936472734902054e-05,-0.04616400599479675,-7.488775736419484e-06,0.04801155626773834
4.680197299999236,0.04385863617062569,0.15547627210617065,-0.045797400176525116,-0.04622723534703255,-0.1139545738697052,0.13155820965766907,-6.705931446049362e-05,-0.04613321274518967,-1.0100307918037288e-05,0.04801255092024803
4.7001775999997335,0.04387206584215164,0.1554442048072815,-0.0457942895591259,-0.04622291773557663,-0.11395788937807083,0.1315850019454956,-5.8819467085413635e-05,-0.04615774750709534,-1.5939300283207558e-05,0.04801105707883835
4.720446799999991,0.04383555054664612,0.15545763075351715,-0.045800454914569855,-0.04621492326259613,-0.11393020302057266,0.1315615326166153,-6.050726005923934e-05,-0.046169690787792206,-1.047149817168247e-05,0.0480036661028862
4.740211199999976,0.04386180639266968,0.15544074773788452,-0.04578443616628647,-0.046204596757888794,-0.11392846703529358,0.13156874477863312,-7.564545376226306e-05,-0.046130403876304626,-1.1950409316341393e-05,0.04801199212670326
4.760556799999904,0.04384514316916466,0.15541401505470276,-0.04580116271972656,-0.04623619467020035,-0.11395704001188278,0.13155938684940338,-7.197202648967505e-05,-0.04615315794944763,-1.2706094821623992e-05,0.048022087663412094
4.780454599999757,0.04383866861462593,0.15546193718910217,-0.04580211266875267,-0.0462188720703125,-0.11396093666553497,0.13158103823661804,-6.53276511002332e-05,-0.04614473879337311,-2.5125613319687545e-05,0.04800572246313095
4.800146399999903,0.0438288077712059,0.15545760095119476,-0.04579530656337738,-0.04622969031333923,-0.11394555866718292,0.13157257437705994,-5.9030186093878e-05,-0.04614955931901932,-1.734431498334743e-05,0.048008713871240616
4.820478899999216,0.04382768273353577,0.15546543896198273,-0.04581035301089287,-0.04623701423406601,-0.11394771188497543,0.13155412673950195,-6.900044536450878e-05,-0.046144213527441025,-2.321682586625684e-05,0.04801628366112709
4.840479399999822,0.04381113499403,0.1554638296365738,-0.04580237716436386,-0.04622950404882431,-0.11393552273511887,0.13155406713485718,-6.076719000702724e-05,-0.046161964535713196,-1.5228624761220999e-05,0.04800674691796303
4.860265899999831,0.043808065354824066,0.1554301232099533,-0.04580581560730934,-0.04623391479253769,-0.1139456033706665,0.13154944777488708,-7.36730289645493e-05,-0.046159714460372925,-9.84765665634768e-06,0.04801490902900696
4.880080599999928,0.043833907693624496,0.15546122193336487,-0.04580633342266083,-0.04622279852628708,-0.11393098533153534,0.1315537691116333,-4.6271568862721324e-05,-0.04614633321762085,-7.896196621004492e-06,0.048015568405389786
4.9001172999996925,0.0438559353351593,0.15545423328876495,-0.04579326510429382,-0.04620949178934097,-0.11393476277589798,0.131576269865036,-6.728915468556806e-05,-0.04615980014204979,-1.1398451533750631e-05,0.04800398275256157
4.920150599999943,0.04385395348072052,0.15547959506511688,-0.04581250995397568,-0.04622458666563034,-0.11393792927265167,0.1315629482269287,-4.518067362369038e-05,-0.04613437503576279,5.175376827537548e-06,0.04801033437252045
4.940301999999974,0.04386330023407936,0.15546557307243347,-0.04579918831586838,-0.04621332883834839,-0.1139562651515007,0.1315699815750122,-4.240097041474655e-05,-0.04613913595676422,-1.4960889529902488e-05,0.04801011085510254
4.960472199999458,0.043839529156684875,0.15547075867652893,-0.045792073011398315,-0.04620291665196419,-0.11391807347536087,0.1315852850675583,-6.449488137150183e-05,-0.04612808674573898,-8.222403266699985e-06,0.048012055456638336
4.980134200000066,0.043858274817466736,0.15544888377189636,-0.045796312391757965,-0.04620680585503578,-0.11394494026899338,0.13156487047672272,-7.55192304495722e-05,-0.04614419490098953,-3.1103816127142636e-06,0.0480073057115078
5.000215999999455,0.0438244566321373,0.15546458959579468,-0.04578583687543869,-0.04620932787656784,-0.11394833773374557,0.1315455287694931,-4.953591269440949e-05,-0.0461440272629261,-2.5491548512945883e-05,0.04800053685903549
5.020343899999716,0.04387245699763298,0.15548212826251984,-0.04577391594648361,-0.04622960090637207,-0.11395227164030075,0.13156962394714355,-6.746008875779808e-05,-0.04614730179309845,-1.2084609807061497e-05,0.048008013516664505
5.04011569999966,0.04381922632455826,0.15548491477966309,-0.04579698294401169,-0.04623120278120041,-0.11393118649721146,0.13157004117965698,-5.38934618816711e-05,-0.04615231603384018,-9.02566625882173e-06,0.048001885414123535
5.060140599999613,0.043856922537088394,0.15544500946998596,-0.045794159173965454,-0.0462244413793087,-0.11393855512142181,0.13156843185424805,-5.584943210124038e-05,-0.046144694089889526,-1.7088954336941242e-05,0.04800204560160637
5.080199699999866,0.043829359114170074,0.15544737875461578,-0.04579320549964905,-0.046226661652326584,-0.11394887417554855,0.131559818983078,-5.93723998463247e-05,-0.04615340381860733,-1.3832848708261736e-05,0.04801454395055771
5.100546699999541,0.04389885812997818,0.155496284365654,-0.04581088200211525,-0.046216126531362534,-0.11394226551055908,0.13155928254127502,-6.703624967485666e-05,-0.04615134000778198,-1.982535104616545e-05,0.048013392835855484
5.120432199999414,0.04384797066450119,0.15547801554203033,-0.04578582942485809,-0.04621245712041855,-0.11394862085580826,0.1315702497959137,-5.759948544437066e-05,-0.046147435903549194,-1.6175203199964017e-05,0.048014070838689804
5.140514799999437,0.04386013373732567,0.15546554327011108,-0.04580865800380707,-0.04621461033821106,-0.11394808441400528,0.13157695531845093,-4.5363525714492425e-05,-0.04613947123289108,-1.648209581617266e-05,0.048012133687734604
5.16050180000002,0.04384231194853783,0.15543822944164276,-0.045812442898750305,-0.04621174931526184,-0.11392906308174133,0.13154438138008118,-5.06426440551877e-05,-0.04613863676786423,-3.622571239247918e-05,0.048006895929574966
5.180122699999629,0.04381939396262169,0.15545736253261566,-0.0458061583340168,-0.04623386636376381,-0.11395026743412018,0.13156646490097046,-6.92456160322763e-05,-0.04614902287721634,-4.416678166307975e-06,0.04800564423203468
5.200122100000044,0.043801311403512955,0.1554824262857437,-0.045809559524059296,-0.04622696340084076,-0.1139349490404129,0.13155843317508698,-7.788946095388383e-05,-0.04615134745836258,-2.7353271434549242e-05,0.04800979793071747
5.220494399999552,0.04384341090917587,0.1554694026708603,-0.04579908028244972,-0.04621417820453644,-0.11392422765493393,0.13154900074005127,-7.532066229032353e-05,-0.04614841565489769,-7.937636837596074e-06,0.04799579456448555
5.240112499999668,0.04384085536003113,0.15542949736118317,-0.04580448567867279,-0.0462244376540184,-0.11394549906253815,0.1315697729587555,-6.124467472545803e-05,-0.046143777668476105,-3.6244673538021743e-06,0.048000797629356384
5.260074199999508,0.04382853955030441,0.15548460185527802,-0.045792870223522186,-0.04622505232691765,-0.11394355446100235,0.13155001401901245,-5.739962944062427e-05,-0.04614756256341934,-6.308949195954483e-06,0.04800285026431084
5.280135399999381,0.04379734396934509,0.15545699000358582,-0.04580652713775635,-0.04622155427932739,-0.11395950615406036,0.13156023621559143,-5.1239345339126885e-05,-0.0461408905684948,-2.5064779038075358e-05,0.04800870269536972
5.300464199999624,0.0438634529709816,0.15546081960201263,-0.04579616338014603,-0.04622448980808258,-0.11396249383687973,0.1315586119890213,-6.338284583762288e-05,-0.046140626072883606,-8.004537448869087e-06,0.048006825149059296
5.320151799999621,0.043835144490003586,0.15546318888664246,-0.045805297791957855,-0.046208739280700684,-0.11394280195236206,0.1315731555223465,-6.903224857524037e-05,-0.04614653065800667,-8.668735972605646e-06,0.0480160154402256
5.340615099999923,0.04389139637351036,0.1554577350616455,-0.04580269008874893,-0.046225108206272125,-0.11395139992237091,0.13157157599925995,-6.365892477333546e-05,-0.04614708945155144,3.935650966013782e-06,0.04800776019692421
5.360535999999229,0.04381207376718521,0.15546728670597076,-0.045806169509887695,-0.046201616525650024,-0.11392686516046524,0.13158857822418213,-7.021240890026093e-05,-0.04614672064781189,-4.724613972939551e-06,0.04800865054130554
5.380071999999927,0.04383983463048935,0.15543998777866364,-0.04578860104084015,-0.046209223568439484,-0.11395753920078278,0.1315632313489914,-6.825992750236765e-05,-0.04615321010351181,-9.112660336541012e-06,0.047997817397117615
