8.519999983036541e-05,-0.03797879442572594,0.228422611951828,0.07595205307006836,0.040761012583971024,-0.23556503653526306,-0.06091025844216347,-0.1084180623292923,-0.01373374555259943,0.10650850832462311,-0.07198338955640793
0.02032969999982015,-0.03789569437503815,0.22839589416980743,0.07591478526592255,0.04075036942958832,-0.2355850338935852,-0.0609244741499424,-0.10842641443014145,-0.013719354756176472,0.10651060193777084,-0.07200762629508972
0.04034830000000511,-0.03787129372358322,0.22840522229671478,0.07597604393959045,0.040763549506664276,-0.2355692833662033,-0.0609319843351841,-0.10841226577758789,-0.01373384054750204,0.1065216138958931,-0.0719926506280899
0.0603489999998601,-0.0379304438829422,0.22840672731399536,0.07596130669116974,0.04076901823282242,-0.23559026420116425,-0.06091216579079628,-0.10843921452760696,-0.013743137940764427,0.10649598389863968,-0.07198017835617065
0.08036399999991772,-0.03792418912053108,0.22840997576713562,0.07595402002334595,0.04076322168111801,-0.23555301129817963,-0.06092783808708191,-0.10841062664985657,-0.013734099455177784,0.10646478831768036,-0.07198763638734818
0.10027140000011059,-0.037914201617240906,0.2284194380044937,0.07592146098613739,0.040775083005428314,-0.23556576669216156,-0.060913585126399994,-0.10841622948646545,-0.013730242848396301,0.10650374740362167,-0.07199230790138245
0.12028050000026269,-0.03798907250165939,0.22839166224002838,0.07594507187604904,0.040778450667858124,-0.23559151589870453,-0.06091504544019699,-0.1084146648645401,-0.013732515275478363,0.10649748891592026,-0.07197457551956177
0.14043589999982942,-0.03789941221475601,0.22838184237480164,0.07595488429069519,0.040772825479507446,-0.23559585213661194,-0.060927268117666245,-0.10842996090650558,-0.01373564638197422,0.10650172829627991,-0.07197707891464233
0.16005929999982982,-0.03792882710695267,0.22841647267341614,0.07592302560806274,0.040755271911621094,-0.23556047677993774,-0.06091030687093735,-0.10841675102710724,-0.01372971385717392,0.10651382058858871,-0.07198189198970795
0.1804842000001372,-0.03790687397122383,0.22841455042362213,0.07593342661857605,0.04075346514582634,-0.23557011783123016,-0.060930732637643814,-0.1084231585264206,-0.01371894869953394,0.10650660842657089,-0.07196598500013351
0.20034680000026128,-0.03791341185569763,0.22839254140853882,0.07591552287340164,0.040747083723545074,-0.23557864129543304,-0.06092921644449234,-0.10843099653720856,-0.01372892688959837,0.10650017857551575,-0.07198189198970795
0.2204793000000791,-0.03793024271726608,0.22839386761188507,0.07592038065195084,0.04075312986969948,-0.2355632781982422,-0.06090724468231201,-0.10843191295862198,-0.013736027292907238,0.1064944937825203,-0.07197622209787369
0.24051190000000133,-0.037974484264850616,0.2283870428800583,0.07591497898101807,0.04074031114578247,-0.23557838797569275,-0.06094028055667877,-0.10840856283903122,-0.013730643317103386,0.10650666058063507,-0.07197581976652145
0.2604901999998219,-0.037928879261016846,0.22840812802314758,0.07591976225376129,0.040772296488285065,-0.23557664453983307,-0.06090978905558586,-0.10840412974357605,-0.013728000223636627,0.10649775713682175,-0.07198575139045715
0.280181900000116,-0.03792569041252136,0.2284100204706192,0.07595312595367432,0.04077672213315964,-0.2355588972568512,-0.06092830374836922,-0.10844748467206955,-0.01372823677957058,0.10649612545967102,-0.07197996228933334
0.3002188999998907,-0.03795338794589043,0.2284020334482193,0.07592013478279114,0.04075583443045616,-0.23557321727275848,-0.06092865765094757,-0.10843532532453537,-0.013738340698182583,0.10649113357067108,-0.07198993116617203
0.32012070000018866,-0.03790867701172829,0.22841617465019226,0.07592492550611496,0.04075881838798523,-0.235576793551445,-0.06091419607400894,-0.10842490941286087,-0.013736356981098652,0.10649777203798294,-0.07199712842702866
0.3402885000000424,-0.03790365904569626,0.22839640080928802,0.07593566179275513,0.040758322924375534,-0.23557646572589874,-0.060921721160411835,-0.10841641575098038,-0.013723714277148247,0.10650438070297241,-0.07198858261108398
0.36050239999985934,-0.037898242473602295,0.22840029001235962,0.07591864466667175,0.04077646881341934,-0.23555514216423035,-0.06091322749853134,-0.10841578245162964,-0.013740711845457554,0.10649983584880829,-0.0719882994890213
0.38047839999990174,-0.037946365773677826,0.2284056544303894,0.0759209394454956,0.04077070951461792,-0.23556841909885406,-0.060911450535058975,-0.1084226444363594,-0.013732482679188251,0.10650670528411865,-0.07197827100753784
0.4004899999999907,-0.03791745752096176,0.22839748859405518,0.07591751217842102,0.04075314849615097,-0.2355940192937851,-0.060928381979465485,-0.10841669142246246,-0.013723354786634445,0.10650108754634857,-0.07198372483253479
0.4201490999998896,-0.03792067989706993,0.2284112125635147,0.07594761252403259,0.04075036197900772,-0.23558303713798523,-0.06091396510601044,-0.10841228812932968,-0.01373356208205223,0.1065191850066185,-0.07197071611881256
0.44005569999990257,-0.03791701793670654,0.22842152416706085,0.07597662508487701,0.04075999557971954,-0.2355843335390091,-0.06092952564358711,-0.10841011255979538,-0.013726280070841312,0.10651533305644989,-0.07196368277072906
0.46043439999994007,-0.03791052848100662,0.22841553390026093,0.07594253122806549,0.04075932502746582,-0.23556752502918243,-0.06092844903469086,-0.10842464119195938,-0.01372468750923872,0.10651057958602905,-0.07198285311460495
0.48042309999982535,-0.03791169077157974,0.2284201681613922,0.07594822347164154,0.04076481983065605,-0.23557043075561523,-0.06090474873781204,-0.10842613130807877,-0.013733070343732834,0.10651873797178268,-0.07197258621454239
0.5001734000002216,-0.037943556904792786,0.22838346660137177,0.07591493427753448,0.04076677933335304,-0.2355755865573883,-0.06091168522834778,-0.1084037572145462,-0.01370260026305914,0.10652537643909454,-0.07198372483253479
0.5203076000002511,-0.03795063868165016,0.22838915884494781,0.07591228187084198,0.040752775967121124,-0.23557478189468384,-0.06093285605311394,-0.1083483174443245,-0.013663943856954575,0.10647566616535187,-0.07197099179029465
0.5401563999998871,-0.037940580397844315,0.22840134799480438,0.07590755820274353,0.04074702039361,-0.2355625182390213,-0.06093049794435501,-0.10833141952753067,-0.013523031026124954,0.10651035606861115,-0.07199583202600479
0.5601243999999497,-0.03793046250939369,0.2284039855003357,0.07590986788272858,0.04077040031552315,-0.2355736643075943,-0.06091378629207611,-0.10833375155925751,-0.013421070761978626,0.106491819024086,-0.07196572422981262
0.5801236000002064,-0.03793969377875328,0.22835171222686768,0.07590726017951965,0.04075661301612854,-0.23559781908988953,-0.060915976762771606,-0.10832249373197556,-0.013439285568892956,0.10650036484003067,-0.07196561992168427
0.6001510999999482,-0.037953153252601624,0.22840946912765503,0.07588555663824081,0.04075144976377487,-0.2355651706457138,-0.060913246124982834,-0.10833225399255753,-0.01349204033613205,0.1065099835395813,-0.07198172807693481
0.6201710000000276,-0.03792565315961838,0.2284182906150818,0.07583366334438324,0.040781207382678986,-0.2355789691209793,-0.060925234109163284,-0.10831650346517563,-0.01358826644718647,0.10650699585676193,-0.07197549194097519
0.6401558000002296,-0.03792301565408707,0.2284238338470459,0.07583561539649963,0.04077655076980591,-0.2355797290802002,-0.06092584878206253,-0.10833883285522461,-0.013692006468772888,0.1065172404050827,-0.07198162376880646
0.6604920999998285,-0.03795916959643364,0.2283892184495926,0.0758296549320221,0.040752582252025604,-0.23555250465869904,-0.060917917639017105,-0.10839122533798218,-0.013669900596141815,0.10648731142282486,-0.07198067009449005
0.6801386000001912,-0.03794931620359421,0.2284134328365326,0.07583244144916534,0.040770988911390305,-0.23558101058006287,-0.060941409319639206,-0.10841934382915497,-0.013617835938930511,0.10651656240224838,-0.07196468114852905
0.7001378999998451,-0.03794869780540466,0.22839251160621643,0.07583105564117432,0.04073883593082428,-0.23557350039482117,-0.06093176081776619,-0.10842955857515335,-0.013577280566096306,0.10650774836540222,-0.07200127840042114
0.7201623999999356,-0.03789253532886505,0.2283928543329239,0.07584090530872345,0.040729764848947525,-0.2355741709470749,-0.06091127544641495,-0.10843324661254883,-0.013517851941287518,0.10649288445711136,-0.07196962833404541
0.7401537999999164,-0.03787880763411522,0.22842107713222504,0.07587049901485443,0.04071194678544998,-0.23558707535266876,-0.06092548742890358,-0.10841985791921616,-0.013520981185138226,0.10651485621929169,-0.0719955712556839
0.7600317000001269,-0.037942130118608475,0.22839225828647614,0.07586605846881866,0.04069975018501282,-0.23556527495384216,-0.06091087684035301,-0.10843272507190704,-0.013547495007514954,0.1065073236823082,-0.07200442254543304
0.7801468000002387,-0.03791062906384468,0.22838424146175385,0.07590574026107788,0.04067649692296982,-0.23555846512317657,-0.060925379395484924,-0.10841190814971924,-0.013591374270617962,0.10650376230478287,-0.07197892665863037
0.8001678000000538,-0.03792567551136017,0.22838300466537476,0.07590898871421814,0.04065847024321556,-0.2355775535106659,-0.06093737855553627,-0.10843885689973831,-0.013648664578795433,0.10651180893182755,-0.07198119163513184
0.8201101999998173,-0.03795977309346199,0.2284088134765625,0.07591459155082703,0.04071103036403656,-0.23559324443340302,-0.06092285364866257,-0.10837560147047043,-0.013639198616147041,0.10650411248207092,-0.07197821140289307
0.8401309000000765,-0.03795582056045532,0.22837547957897186,0.07590294629335403,0.04073016345500946,-0.23556752502918243,-0.06090088188648224,-0.10834053158760071,-0.013622916303575039,0.10650429129600525,-0.07199079543352127
0.8603498000002219,-0.03788643330335617,0.2284291535615921,0.07589411735534668,0.04074421152472496,-0.2355789840221405,-0.06091758981347084,-0.10833057761192322,-0.01360124908387661,0.10651111602783203,-0.07198198139667511
0.8801386999998613,-0.03791001811623573,0.22840094566345215,0.07589901238679886,0.04078415036201477,-0.2355954796075821,-0.06090712547302246,-0.10832461714744568,-0.013606018386781216,0.10651923716068268,-0.07198455184698105
0.9001514999999927,-0.0379464328289032,0.22840319573879242,0.07585541903972626,0.04081413149833679,-0.2355876863002777,-0.06090598925948143,-0.10834239423274994,-0.013602572493255138,0.10651785880327225,-0.07198186218738556
0.9201323000002049,-0.03796526789665222,0.22839848697185516,0.07583411037921906,0.04079608619213104,-0.23559556901454926,-0.060921743512153625,-0.10833046585321426,-0.01358245313167572,0.10650407522916794,-0.07198028266429901
0.940147899999829,-0.0379190519452095,0.2283969223499298,0.07585175335407257,0.04079534113407135,-0.2355939745903015,-0.06093465909361839,-0.10832908749580383,-0.013567999936640263,0.10650954395532608,-0.07197326421737671
0.9603652000000693,-0.037896495312452316,0.2284039407968521,0.07584695518016815,0.04073465242981911,-0.23556484282016754,-0.060920350253582,-0.10838624089956284,-0.013541639782488346,0.10650666058063507,-0.07196684181690216
0.9801397000001089,-0.03792803734540939,0.22841587662696838,0.0758807584643364,0.04072275385260582,-0.23553015291690826,-0.06093316897749901,-0.10843216627836227,-0.01354036945849657,0.10650432109832764,-0.07196713984012604
1.0003587999999581,-0.03797544538974762,0.22839191555976868,0.07586143910884857,0.04071928560733795,-0.2355596125125885,-0.06091346591711044,-0.10841111093759537,-0.013520637527108192,0.10649978369474411,-0.07198138535022736
1.0203716999999415,-0.0379040390253067,0.2284073680639267,0.07587273418903351,0.04072672128677368,-0.2355591058731079,-0.060921765863895416,-0.10841980576515198,-0.013524385169148445,0.10650211572647095,-0.07197155058383942
1.0401489000000765,-0.0379350483417511,0.22839902341365814,0.07591237127780914,0.040752291679382324,-0.23556946218013763,-0.06092037633061409,-0.10842200368642807,-0.013549326919019222,0.10649970173835754,-0.07198470085859299
1.0604130000001533,-0.037956736981868744,0.2284007966518402,0.07590506225824356,0.04079650342464447,-0.23555319011211395,-0.060926299542188644,-0.10841173678636551,-0.013582510873675346,0.10650374740362167,-0.07198205590248108
1.080324500000188,-0.03794196993112564,0.22838327288627625,0.07590802013874054,0.04081263393163681,-0.2355845868587494,-0.06091872602701187,-0.1084098294377327,-0.013593709096312523,0.10651147365570068,-0.07195970416069031
1.1004226000000017,-0.03794007748365402,0.22840912640094757,0.07590550184249878,0.040804918855428696,-0.23558643460273743,-0.06091934069991112,-0.10843416303396225,-0.01360180415213108,0.10649868845939636,-0.07197175174951553
1.1201482000001306,-0.037899199873209,0.22840078175067902,0.0759044885635376,0.04081875830888748,-0.235579714179039,-0.06091908738017082,-0.10842881351709366,-0.013596323318779469,0.10648223757743835,-0.07199566066265106
1.1403865000002043,-0.03792204707860947,0.22841206192970276,0.0759003758430481,0.040821537375450134,-0.23559421300888062,-0.06091588735580444,-0.10841841995716095,-0.013582329265773296,0.10649102926254272,-0.07197251170873642
1.1604784000001018,-0.037918571382761,0.22841139137744904,0.07590941339731216,0.040802694857120514,-0.23557338118553162,-0.060939107090234756,-0.10842198133468628,-0.013584733009338379,0.10650404542684555,-0.07197649776935577
1.1801418000000012,-0.03790871798992157,0.2284078598022461,0.0759076327085495,0.04078952223062515,-0.23556926846504211,-0.060905080288648605,-0.10841667652130127,-0.01357300765812397,0.10648484528064728,-0.07199528813362122
1.2001497999999629,-0.03791838139295578,0.22838610410690308,0.07590615749359131,0.04074539989233017,-0.23556964099407196,-0.06092118099331856,-0.10840775072574615,-0.013576545752584934,0.10648579895496368,-0.07197953760623932
1.2201967000000877,-0.037991881370544434,0.22840259969234467,0.07591280341148376,0.040718384087085724,-0.23557692766189575,-0.060931067913770676,-0.1084451749920845,-0.013575232587754726,0.10651185363531113,-0.07198014855384827
1.2402505999998539,-0.03792967647314072,0.2283702939748764,0.07590816915035248,0.040665727108716965,-0.23557068407535553,-0.060911282896995544,-0.10843119770288467,-0.01359515730291605,0.10650008171796799,-0.07196301221847534
1.260416300000088,-0.03791812062263489,0.22842052578926086,0.07590669393539429,0.04064440727233887,-0.2355809062719345,-0.060915008187294006,-0.10843044519424438,-0.013601740822196007,0.1065015196800232,-0.07198318094015121
1.2804454000001897,-0.03795430064201355,0.22841450572013855,0.0759020745754242,0.040643755346536636,-0.23558631539344788,-0.06092699617147446,-0.10841573774814606,-0.013610811904072762,0.10649905353784561,-0.07197002321481705
1.30053050000015,-0.037937138229608536,0.2283683717250824,0.07589632272720337,0.040671318769454956,-0.23560091853141785,-0.06090925633907318,-0.10843238979578018,-0.013637633994221687,0.10648585855960846,-0.07197418063879013
1.3200636999999915,-0.037921108305454254,0.2283911108970642,0.07591058313846588,0.040680862963199615,-0.2355934977531433,-0.06091255694627762,-0.10843773186206818,-0.01366768404841423,0.10649886727333069,-0.07196906208992004
1.340278600000147,-0.03796865791082382,0.22838087379932404,0.07590782642364502,0.04068358242511749,-0.23560291528701782,-0.06090814620256424,-0.10842689871788025,-0.013690393418073654,0.10650347918272018,-0.07198639959096909
1.3601351000002069,-0.037980757653713226,0.2283925861120224,0.07591407001018524,0.04066823050379753,-0.23560211062431335,-0.06092587485909462,-0.10842828452587128,-0.013946342281997204,0.10649242252111435,-0.0719725638628006
1.3801487999999154,-0.03791894018650055,0.228362038731575,0.07591002434492111,0.04064202308654785,-0.23559962213039398,-0.06092755123972893,-0.10843367129564285,-0.015296434983611107,0.10648196190595627,-0.07196381688117981
1.400132400000075,-0.03792816400527954,0.22841905057430267,0.07589239627122879,0.04050354287028313,-0.2355954945087433,-0.060926228761672974,-0.10844003409147263,-0.015359035693109035,0.10647095739841461,-0.07198455929756165
1.4204641999999694,-0.03794802725315094,0.228396937251091,0.07592073082923889,0.04023994505405426,-0.23560278117656708,-0.060912035405635834,-0.1084337830543518,-0.015427164733409882,0.10647882521152496,-0.0719820111989975
1.4401511000000937,-0.03793990984559059,0.22840067744255066,0.07591438293457031,0.03852565586566925,-0.23562771081924438,-0.06091519072651863,-0.10842147469520569,-0.015547030605375767,0.10645538568496704,-0.07197417318820953
1.460195499999827,-0.037962257862091064,0.22841095924377441,0.07595652341842651,0.0323055200278759,-0.23564614355564117,-0.06090635433793068,-0.10841216892004013,-0.015699420124292374,0.10646621882915497,-0.07196657359600067
1.4801339000000553,-0.03795645013451576,0.2284056693315506,0.07592378556728363,0.01836289092898369,-0.2356082946062088,-0.060926541686058044,-0.10835309326648712,-0.01603155955672264,0.10647068172693253,-0.07197993993759155
1.500315799999953,-0.03790267929434776,0.22839634120464325,0.075963094830513,0.0017709548119455576,-0.23560307919979095,-0.06092725694179535,-0.10835549235343933,-0.018103227019309998,0.10644829273223877,-0.07196757197380066
1.5200739000001704,-0.03791515529155731,0.22840043902397156,0.07598909735679626,-0.013125520199537277,-0.23561713099479675,-0.06091104447841644,-0.10834387689828873,-0.02689128741621971,0.10645104944705963,-0.07196015864610672
1.5403391999998348,-0.03799506276845932,0.22840936481952667,0.07613237202167511,-0.026019088923931122,-0.2356029897928238,-0.06093320623040199,-0.10840639472007751,-0.04194847494363785,0.1064377948641777,-0.071994349360466
1.5605497999999898,-0.037903085350990295,0.22838424146175385,0.07630506902933121,-0.03856342285871506,-0.23560571670532227,-0.060901299118995667,-0.10841958969831467,-0.05607895180583,0.10645558685064316,-0.07198868691921234
1.580384800000047,-0.03791239112615585,0.22841882705688477,0.07655946910381317,-0.05361402407288551,-0.23555085062980652,-0.060907792299985886,-0.10836345702409744,-0.06759484112262726,0.10643651336431503,-0.07199054956436157
1.6004447000000255,-0.03790741413831711,0.2284153252840042,0.07665836811065674,-0.07191860675811768,-0.23555034399032593,-0.06090301275253296,-0.10836292058229446,-0.08032459020614624,0.10639642179012299,-0.07195809483528137
1.6205327000002399,-0.03792046010494232,0.22841915488243103,0.07672911882400513,-0.09182751923799515,-0.23556822538375854,-0.0609048455953598,-0.10832955688238144,-0.09589484333992004,0.10642704367637634,-0.07197654992341995
1.6403141999999207,-0.03793174773454666,0.22841152548789978,0.0767330676317215,-0.11094167828559875,-0.23556958138942719,-0.06088992953300476,-0.10834803432226181,-0.11336401849985123,0.10640913248062134,-0.0719817504286766
1.660428199999842,-0.037918150424957275,0.2284131795167923,0.07668361067771912,-0.12743288278579712,-0.23552611470222473,-0.06090368330478668,-0.10837961733341217,-0.1316658854484558,0.10640843957662582,-0.07197663187980652
1.6803405999999086,-0.03791589289903641,0.22842071950435638,0.07696201652288437,-0.14233916997909546,-0.23576059937477112,-0.060884974896907806,-0.10836877673864365,-0.1492043286561966,0.10641629248857498,-0.07199209928512573
1.700105800000074,-0.037994056940078735,0.2284073382616043,0.07690393924713135,-0.1525384783744812,-0.23552702367305756,-0.060923896729946136,-0.10841181874275208,-0.1657865345478058,0.10639561712741852,-0.07196491956710815
1.7201350000000275,-0.03792669624090195,0.2283744364976883,0.07698091864585876,-0.1575484275817871,-0.2360253781080246,-0.06094896420836449,-0.10839799791574478,-0.1820416897535324,0.10642234236001968,-0.07197226583957672
1.740185499999825,-0.03790627792477608,0.22840353846549988,0.07698876410722733,-0.15670455992221832,-0.23606353998184204,-0.06093484163284302,-0.1083667129278183,-0.19786587357521057,0.10643081367015839,-0.07195477187633514
1.7600419999998849,-0.037917282432317734,0.22841596603393555,0.07698783278465271,-0.15678642690181732,-0.2358938604593277,-0.06090008467435837,-0.10836318880319595,-0.2116275578737259,0.10629919916391373,-0.07192236185073853
1.7803173000002062,-0.037911102175712585,0.22841650247573853,0.07700815051794052,-0.15676602721214294,-0.23590712249279022,-0.060923658311367035,-0.10840649157762527,-0.22031325101852417,0.1063605546951294,-0.07194612175226212
1.800246700000116,-0.037926822900772095,0.2284141331911087,0.07709333300590515,-0.15676367282867432,-0.23591221868991852,-0.06095387041568756,-0.10843849182128906,-0.22032244503498077,0.10633303225040436,-0.0719335526227951
1.82014479999998,-0.037970785051584244,0.22841675579547882,0.07740020751953125,-0.15675725042819977,-0.23583905398845673,-0.06093301996588707,-0.10844555497169495,-0.22028732299804688,0.10633079707622528,-0.07194089889526367
1.8400290999998106,-0.03794686868786812,0.22838819026947021,0.07773873209953308,-0.15677912533283234,-0.23583519458770752,-0.060970842838287354,-0.10844866186380386,-0.220213383436203,0.10635672509670258,-0.07193320989608765
1.8604254000001674,-0.03789534419775009,0.22835767269134521,0.07774245738983154,-0.1567237675189972,-0.23583388328552246,-0.06096404045820236,-0.10843110084533691,-0.21992214024066925,0.10634768009185791,-0.07194415479898453
1.8801345000001675,-0.03792832791805267,0.22838689386844635,0.07779990136623383,-0.15673983097076416,-0.23583079874515533,-0.06094568967819214,-0.10844907909631729,-0.21796965599060059,0.10635223239660263,-0.071941077709198
1.9001001999999971,-0.03793853521347046,0.2284102588891983,0.07789018005132675,-0.15670442581176758,-0.23576627671718597,-0.06091531366109848,-0.10843347012996674,-0.21462929248809814,0.10634711384773254,-0.07194231450557709
1.9202242000001206,-0.037974677979946136,0.22841142117977142,0.0781404972076416,-0.1567002832889557,-0.235743910074234,-0.06092324107885361,-0.10841777175664902,-0.20797498524188995,0.10637269914150238,-0.07194525003433228
1.9402555000001485,-0.03792791813611984,0.2284184992313385,0.07838074862957001,-0.15669485926628113,-0.2357379049062729,-0.06091465801000595,-0.10844051837921143,-0.20161853730678558,0.10637632757425308,-0.07196524739265442
1.9602841999999328,-0.03798365592956543,0.2284185141324997,0.07838299125432968,-0.15666575729846954,-0.23573508858680725,-0.06092172861099243,-0.10844935476779938,-0.19463735818862915,0.10636883229017258,-0.0719614177942276
1.9801329000001715,-0.03793514147400856,0.22841398417949677,0.07836887240409851,-0.15658210217952728,-0.23571152985095978,-0.06092987209558487,-0.10844853520393372,-0.1821044236421585,0.10637977719306946,-0.07197321951389313
2.000123199999962,-0.037937529385089874,0.2284175306558609,0.07834085077047348,-0.15647217631340027,-0.23568840324878693,-0.06093214452266693,-0.10845506936311722,-0.16566793620586395,0.106374092400074,-0.07195423543453217
2.0207878999999593,-0.03796238452196121,0.22841531038284302,0.07833686470985413,-0.15644948184490204,-0.23568132519721985,-0.06093448027968407,-0.10846810787916183,-0.14880168437957764,0.10637852549552917,-0.07194969058036804
2.0400868000001537,-0.037928931415081024,0.2283647507429123,0.07832496613264084,-0.15641391277313232,-0.2356792688369751,-0.06094169244170189,-0.10844825208187103,-0.13545173406600952,0.10637467354536057,-0.07195369154214859
2.060094200000094,-0.03795991092920303,0.22840245068073273,0.07833682000637054,-0.15635612607002258,-0.23564819991588593,-0.06091957539319992,-0.108454130589962,-0.12135880440473557,0.1063939556479454,-0.07198433578014374
2.0801087999998344,-0.037917930632829666,0.22839872539043427,0.07829271256923676,-0.1551724374294281,-0.23560462892055511,-0.06094534695148468,-0.10843215137720108,-0.10205069929361343,0.10640256106853485,-0.07195769250392914
2.100081500000215,-0.03797183185815811,0.22834981977939606,0.07829385995864868,-0.14490526914596558,-0.23559916019439697,-0.06092219054698944,-0.10845433175563812,-0.08096477389335632,0.10642483085393906,-0.07197527587413788
2.120129700000234,-0.03792411834001541,0.2284146249294281,0.07829513400793076,-0.12214844673871994,-0.23560316860675812,-0.06093986704945564,-0.10845446586608887,-0.062115851789712906,0.10638301819562912,-0.07195998728275299
2.14011870000013,-0.037945494055747986,0.22841280698776245,0.07834438979625702,-0.09384307265281677,-0.23560161888599396,-0.06091175973415375,-0.10844369977712631,-0.04665381461381912,0.10639620572328568,-0.07195455580949783
2.160093599999982,-0.037928104400634766,0.2284194827079773,0.07832697033882141,-0.06254735589027405,-0.2355586588382721,-0.060942500829696655,-0.10843309760093689,-0.03257722407579422,0.10638634860515594,-0.07197362184524536
2.180171999999857,-0.037962693721055984,0.22841127216815948,0.07841163873672485,-0.029856964945793152,-0.2355273962020874,-0.060935456305742264,-0.10841676592826843,-0.015418656170368195,0.10639233887195587,-0.07198193669319153
2.200115300000107,-0.037949807941913605,0.2283714860677719,0.07888981699943542,-0.0013957311166450381,-0.23559676110744476,-0.060930632054805756,-0.1083512008190155,0.004335178527981043,0.10640600323677063,-0.07196751236915588
2.220088399999895,-0.03792797774076462,0.22834838926792145,0.07893571257591248,0.020958323031663895,-0.23561501502990723,-0.06093868985772133,-0.1083686426281929,0.02314043790102005,0.10636798292398453,-0.07196837663650513
2.240087399999993,-0.037903718650341034,0.22840815782546997,0.07935769855976105,0.040525104850530624,-0.235610693693161,-0.06094856932759285,-0.10834047943353653,0.038320012390613556,0.10637623071670532,-0.07196591794490814
2.260454100000061,-0.037957023829221725,0.2284073680639267,0.08012992143630981,0.06127596274018288,-0.23564188182353973,-0.0609586127102375,-0.10836530476808548,0.05177345499396324,0.10634589940309525,-0.07197599112987518
2.2800947000000633,-0.03791884332895279,0.22835856676101685,0.08156202733516693,0.08428901433944702,-0.23563779890537262,-0.06095724180340767,-0.10834512114524841,0.06418533623218536,0.10636890679597855,-0.07195942103862762
2.300086199999896,-0.03794782608747482,0.22834990918636322,0.08256708085536957,0.11019016057252884,-0.23565444350242615,-0.0609525665640831,-0.10833824425935745,0.07769092917442322,0.10635749995708466,-0.07196357846260071
2.3201383000000533,-0.03792055323719978,0.22839808464050293,0.08298107236623764,0.136598601937294,-0.23563654720783234,-0.06095898896455765,-0.10832571983337402,0.09171155095100403,0.10635822266340256,-0.0719541609287262
2.340397699999812,-0.037926726043224335,0.22840799391269684,0.08522045612335205,0.16032326221466064,-0.2356654703617096,-0.06093311309814453,-0.10834883153438568,0.1025225892663002,0.10636311769485474,-0.07196856290102005
2.3601410000001124,-0.037924572825431824,0.22841095924377441,0.08870596438646317,0.17873209714889526,-0.23567883670330048,-0.060949649661779404,-0.10832681506872177,0.10751407593488693,0.10636567324399948,-0.07196925580501556
2.3800992000001315,-0.03794430196285248,0.22838693857192993,0.09279359877109528,0.1933889091014862,-0.23566319048404694,-0.06095065176486969,-0.10833960026502609,0.11330251395702362,0.10637406259775162,-0.07195864617824554
2.400065199999972,-0.03791903704404831,0.22840864956378937,0.09601154178380966,0.20515243709087372,-0.23568034172058105,-0.06093955785036087,-0.10834737867116928,0.12031056731939316,0.1063632145524025,-0.0719614177942276
2.4203167000000576,-0.03794421628117561,0.2283921241760254,0.09807737916707993,0.21692100167274475,-0.23567938804626465,-0.06096377968788147,-0.10835731029510498,0.1276613473892212,0.106356181204319,-0.07195645570755005
2.4404515999999603,-0.03792247548699379,0.2284030318260193,0.10081375390291214,0.2277224361896515,-0.2356823980808258,-0.060939375311136246,-0.10832744836807251,0.13046599924564362,0.10633718967437744,-0.07197493314743042
2.460092000000259,-0.03788037598133087,0.22839699685573578,0.1023951843380928,0.23526383936405182,-0.2356874942779541,-0.06096603348851204,-0.10833229124546051,0.1310417354106903,0.10634500533342361,-0.07194800674915314
2.48045779999984,-0.03797018527984619,0.22839424014091492,0.10245365649461746,0.2369149625301361,-0.2356850951910019,-0.06094162166118622,-0.10832685232162476,0.1309994012117386,0.10635611414909363,-0.07196454703807831
2.5003216999998585,-0.03794746845960617,0.22842776775360107,0.10251134634017944,0.23575887084007263,-0.23568980395793915,-0.060936011373996735,-0.1083405390381813,0.13091205060482025,0.1063593402504921,-0.07195566594600677
2.5201175000001967,-0.03793678805232048,0.2283829152584076,0.10250841826200485,0.2353532761335373,-0.23568150401115417,-0.06093393266201019,-0.10835078358650208,0.13071510195732117,0.10633856058120728,-0.07195053994655609
2.540097500000229,-0.03797096014022827,0.22840912640094757,0.10254226624965668,0.2355065643787384,-0.23567883670330048,-0.06091325730085373,-0.1083548292517662,0.13023120164871216,0.10635171085596085,-0.07196082174777985
2.5602091000000655,-0.037952207028865814,0.22841539978981018,0.10276025533676147,0.23548151552677155,-0.23567326366901398,-0.060923587530851364,-0.10834646224975586,0.12737438082695007,0.10635404288768768,-0.0719674676656723
2.5800976000000446,-0.03793422877788544,0.22838528454303741,0.10337183624505997,0.2349487543106079,-0.23565174639225006,-0.060913801193237305,-0.10835563391447067,0.11917158961296082,0.10633418709039688,-0.07196727395057678
2.600105800000165,-0.03791957348585129,0.22838829457759857,0.10532152652740479,0.23242466151714325,-0.2356867790222168,-0.06090628728270531,-0.10836759954690933,0.10730984807014465,0.10633762180805206,-0.07196155190467834
2.620094800000061,-0.03791700303554535,0.2283768355846405,0.10977060347795486,0.21172542870044708,-0.235676571726799,-0.0609196312725544,-0.10836108028888702,0.09286725521087646,0.10633626580238342,-0.0719623863697052
2.6401033000001917,-0.037930525839328766,0.2283894270658493,0.11333213001489639,0.17741748690605164,-0.2356463074684143,-0.06091911345720291,-0.1083645150065422,0.0786541998386383,0.10633942484855652,-0.07195725291967392
2.6601031999998668,-0.037898413836956024,0.22841638326644897,0.11663562804460526,0.14220991730690002,-0.23566678166389465,-0.06091832369565964,-0.10836111009120941,0.0643523633480072,0.10633315145969391,-0.07196696102619171
2.6801061999999547,-0.03793978691101074,0.22840923070907593,0.11725693941116333,0.11243285238742828,-0.2356792539358139,-0.06090595945715904,-0.1083676815032959,0.048256948590278625,0.10635440796613693,-0.0719543993473053
2.700086299999839,-0.037927813827991486,0.22840516269207,0.11722414940595627,0.08921036124229431,-0.2356688678264618,-0.06090405583381653,-0.10837715119123459,0.02987641654908657,0.10633695870637894,-0.07195299863815308
2.7200885000002017,-0.03794422745704651,0.22839955985546112,0.11725004762411118,0.07040302455425262,-0.23560801148414612,-0.06091168150305748,-0.10844162106513977,0.010988147929310799,0.1063566729426384,-0.07196234166622162
2.7400809999999183,-0.037943121045827866,0.22839483618736267,0.11724531650543213,0.04925021529197693,-0.2355942577123642,-0.06090153008699417,-0.10844437777996063,-0.008010629564523697,0.106343574821949,-0.07195702940225601
2.7600655999999617,-0.037981368601322174,0.22841672599315643,0.11725320667028427,0.02168259769678116,-0.23559533059597015,-0.060881614685058594,-0.10842883586883545,-0.026217060163617134,0.10633155703544617,-0.0719740018248558
2.780097100000148,-0.03795013949275017,0.22839057445526123,0.11724264174699783,-0.010115966200828552,-0.23557589948177338,-0.060876861214637756,-0.10843929648399353,-0.044955022633075714,0.10635872185230255,-0.07196313142776489
2.800105700000131,-0.03789389878511429,0.2284039556980133,0.11723405867815018,-0.04063352569937706,-0.2355499267578125,-0.06089068949222565,-0.10842765867710114,-0.06387588381767273,0.10635638236999512,-0.07196874916553497
2.8200706000002356,-0.03794695436954498,0.22835978865623474,0.11724904179573059,-0.06552810966968536,-0.23554812371730804,-0.060903728008270264,-0.10843892395496368,-0.08220908790826797,0.10637891292572021,-0.0719640851020813
2.8400728999999956,-0.037941791117191315,0.22841933369636536,0.11722024530172348,-0.08478198945522308,-0.2355656921863556,-0.060900572687387466,-0.10843013226985931,-0.09890448302030563,0.10637684166431427,-0.07195768505334854
2.860097499999938,-0.037951864302158356,0.22840729355812073,0.11720114201307297,-0.09889629483222961,-0.23552601039409637,-0.06091545149683952,-0.10837344080209732,-0.1139068603515625,0.10638054460287094,-0.0719631239771843
2.8800890000002255,-0.03791308403015137,0.22838973999023438,0.11723421514034271,-0.108982153236866,-0.2355135977268219,-0.060887522995471954,-0.10837675631046295,-0.12867306172847748,0.10635692626237869,-0.0719660073518753
2.900094999999965,-0.037913527339696884,0.22840939462184906,0.11717122048139572,-0.11990513652563095,-0.23559686541557312,-0.06089955195784569,-0.10840798914432526,-0.1433641016483307,0.10636216402053833,-0.07196024060249329
2.9200925999998617,-0.037913404405117035,0.228390172123909,0.11702718585729599,-0.13268736004829407,-0.2356051653623581,-0.060952045023441315,-0.10843578726053238,-0.15613430738449097,0.10637546330690384,-0.07195942103862762
2.9400957000002563,-0.037953026592731476,0.22839801013469696,0.11708315461874008,-0.13829216361045837,-0.2356041967868805,-0.060966067016124725,-0.10845484584569931,-0.1670510470867157,0.10637788474559784,-0.07197309285402298
2.9600679999998647,-0.037923648953437805,0.22842732071876526,0.11709719896316528,-0.14082109928131104,-0.23560044169425964,-0.06096698343753815,-0.10846322774887085,-0.1743808388710022,0.10638429969549179,-0.0719662457704544
2.980092799999966,-0.03795710951089859,0.22842638194561005,0.11709780246019363,-0.13904030621051788,-0.23560543358325958,-0.0610196627676487,-0.10841896384954453,-0.1778220534324646,0.10638803988695145,-0.07196907699108124
3.000093399999969,-0.03795895725488663,0.22839531302452087,0.11717839539051056,-0.13932883739471436,-0.23560300469398499,-0.0609971284866333,-0.10844922065734863,-0.18308773636817932,0.1063692569732666,-0.07195473462343216
3.020075800000086,-0.03792271763086319,0.22837571799755096,0.1171780675649643,-0.13945499062538147,-0.23555000126361847,-0.060991592705249786,-0.10846661776304245,-0.18302693963050842,0.1063678115606308,-0.07195436954498291
3.0400871000001644,-0.037932928651571274,0.22837239503860474,0.11725244671106339,-0.13944384455680847,-0.23553945124149323,-0.060968056321144104,-0.10847074538469315,-0.18216028809547424,0.1063733771443367,-0.07195650041103363
3.0602582999999868,-0.03797132521867752,0.22841422259807587,0.11725355684757233,-0.1394488513469696,-0.2355348914861679,-0.060967572033405304,-0.10847138613462448,-0.1778874695301056,0.10637082159519196,-0.07196127623319626
3.0800804999998945,-0.03790309280157089,0.22842027246952057,0.11741083115339279,-0.13944530487060547,-0.2355506271123886,-0.060971662402153015,-0.1084715723991394,-0.17662864923477173,0.10639887303113937,-0.07194986939430237
3.1005534000000807,-0.037946075201034546,0.2284020036458969,0.11745178699493408,-0.13936856389045715,-0.2355506718158722,-0.060980454087257385,-0.10849244892597198,-0.17028237879276276,0.10637103766202927,-0.07197592407464981
3.12020960000018,-0.037919335067272186,0.22843044996261597,0.11744922399520874,-0.13919004797935486,-0.23555326461791992,-0.060977622866630554,-0.10846865177154541,-0.15094268321990967,0.10639673471450806,-0.07195618748664856
3.1401160999998865,-0.03793520852923393,0.2284158617258072,0.117409847676754,-0.13917683064937592,-0.23556898534297943,-0.0609821192920208,-0.10849753767251968,-0.12721361219882965,0.10637500882148743,-0.0719529315829277
3.160054200000104,-0.03794302046298981,0.22833462059497833,0.11742886155843735,-0.13913556933403015,-0.23559951782226562,-0.060986366122961044,-0.10849303007125854,-0.1083158478140831,0.10641251504421234,-0.07196135818958282
3.1800655000001825,-0.03792041167616844,0.22842063009738922,0.11739061027765274,-0.13850578665733337,-0.235565647482872,-0.06099062040448189,-0.1084975004196167,-0.0937998965382576,0.10638350248336792,-0.07195824384689331
3.2000889999999345,-0.03798050060868263,0.22838221490383148,0.11741011589765549,-0.12929993867874146,-0.23552075028419495,-0.06097959727048874,-0.10849013924598694,-0.07483329623937607,0.10639232397079468,-0.0719652771949768
3.220084399999905,-0.03791925683617592,0.22839424014091492,0.11740933358669281,-0.1034683957695961,-0.23553846776485443,-0.06097659096121788,-0.10849182307720184,-0.048052649945020676,0.10636831820011139,-0.07197647541761398
3.2404372000000876,-0.03793957829475403,0.22839175164699554,0.11741065233945847,-0.0707004964351654,-0.23555588722229004,-0.06097209081053734,-0.10848851501941681,-0.01832938939332962,0.10636692494153976,-0.0719541609287262
3.260091999999986,-0.03788246586918831,0.22839881479740143,0.11740913987159729,-0.03695465624332428,-0.2355259656906128,-0.0609593465924263,-0.10846821218729019,0.005484488792717457,0.10636284202337265,-0.07195167243480682
3.2800836000001254,-0.03792181611061096,0.2284153699874878,0.11749409884214401,-0.000959721626713872,-0.23550361394882202,-0.06096837297081947,-0.10847814381122589,0.02428683452308178,0.10636817663908005,-0.07195758819580078
3.3000560999998925,-0.03792543709278107,0.22841805219650269,0.11880610138177872,0.03001933917403221,-0.2355140894651413,-0.060964908450841904,-0.1084800437092781,0.04383307695388794,0.10636487603187561,-0.0719885528087616
3.3200614000002133,-0.03791746497154236,0.2284160554409027,0.11910443007946014,0.055261995643377304,-0.23558078706264496,-0.060975827276706696,-0.10847239941358566,0.0672554150223732,0.1063687801361084,-0.0719834417104721
3.340085799999997,-0.03795717656612396,0.22834470868110657,0.1193191260099411,0.07723826169967651,-0.2356056421995163,-0.060956429690122604,-0.10851193219423294,0.08936561644077301,0.10637202113866806,-0.07196974754333496
3.360058400000071,-0.037952788174152374,0.22840625047683716,0.11931686103343964,0.0980389416217804,-0.23560483753681183,-0.06096585467457771,-0.10848387330770493,0.1049528643488884,0.10636619478464127,-0.07196198403835297
3.3801548000001276,-0.037950798869132996,0.2283986508846283,0.11931589990854263,0.12193214893341064,-0.235658660531044,-0.06098795682191849,-0.10847475379705429,0.11324724555015564,0.10636376589536667,-0.07195243239402771
3.400550199999998,-0.037927210330963135,0.22841903567314148,0.11932544410228729,0.14934715628623962,-0.23566028475761414,-0.06098397821187973,-0.10847873985767365,0.1199481412768364,0.10636278986930847,-0.07195305824279785
3.4200827999998182,-0.037946511059999466,0.22839386761188507,0.1193511039018631,0.17606917023658752,-0.23565275967121124,-0.06097518652677536,-0.10849852114915848,0.12940466403961182,0.10637594014406204,-0.07197993993759155
3.4400814999999056,-0.03789873793721199,0.22839629650115967,0.11959891021251678,0.2001625895500183,-0.23561766743659973,-0.0609678290784359,-0.10850432515144348,0.13880512118339539,0.10636960715055466,-0.0719834715127945
3.4604153999998744,-0.03796550631523132,0.2284165620803833,0.11999648064374924,0.21918347477912903,-0.2356322854757309,-0.06097008287906647,-0.1084887832403183,0.14205697178840637,0.10634720325469971,-0.07195942103862762
3.4805519999999888,-0.03789786621928215,0.22841429710388184,0.12195807695388794,0.23279303312301636,-0.23566685616970062,-0.060969769954681396,-0.10850220173597336,0.14173437654972076,0.10634784400463104,-0.07196716964244843
3.500546900000245,-0.03792133182287216,0.2284294217824936,0.1260649859905243,0.2418738454580307,-0.235674649477005,-0.0609683059155941,-0.1085011437535286,0.14171352982521057,0.10635696351528168,-0.07195153087377548
3.520174400000087,-0.03792979568243027,0.2283933162689209,0.12784862518310547,0.24784737825393677,-0.2356807440519333,-0.060965050011873245,-0.1085088849067688,0.14165478944778442,0.1063498929142952,-0.0719694048166275
3.540211900000031,-0.03792427480220795,0.22840183973312378,0.1282849907875061,0.2524328827857971,-0.23567365109920502,-0.060969315469264984,-0.10850528627634048,0.1416037380695343,0.1063506230711937,-0.0719594657421112
3.560534100000041,-0.0379595011472702,0.22840067744255066,0.12840032577514648,0.2526836097240448,-0.2356511503458023,-0.060976892709732056,-0.10852063447237015,0.14143846929073334,0.10633505135774612,-0.07194818556308746
3.5800524000001133,-0.037953488528728485,0.2283925712108612,0.12869204580783844,0.25247204303741455,-0.23563867807388306,-0.06097982078790665,-0.10850193351507187,0.1409481167793274,0.1063435822725296,-0.07196135073900223
3.6005239000000984,-0.03792005777359009,0.22840647399425507,0.13024643063545227,0.2522847652435303,-0.23564964532852173,-0.06097526475787163,-0.10850761830806732,0.1382913589477539,0.10634063929319382,-0.07195578515529633
3.6204468000000816,-0.03790055960416794,0.22840501368045807,0.13376542925834656,0.25225353240966797,-0.23562824726104736,-0.06096169352531433,-0.1085142120718956,0.1276405155658722,0.1063510999083519,-0.07195994257926941
3.640077200000178,-0.03798940032720566,0.22841249406337738,0.13536395132541656,0.2517849802970886,-0.23570741713047028,-0.060934845358133316,-0.10849334299564362,0.114242784678936,0.10634595155715942,-0.07196623086929321
3.660053699999935,-0.037949077785015106,0.22841514647006989,0.13553178310394287,0.24488362669944763,-0.23568452894687653,-0.060956668108701706,-0.10848098248243332,0.10067089647054672,0.10633755475282669,-0.07196808606386185
3.6805303999999524,-0.037935301661491394,0.2284068465232849,0.13640233874320984,0.22011464834213257,-0.23565228283405304,-0.06092941388487816,-0.1084982231259346,0.08740705251693726,0.10633862763643265,-0.07196968793869019
3.700525799999923,-0.037910349667072296,0.22840534150600433,0.13726967573165894,0.1851584017276764,-0.23563127219676971,-0.06092217192053795,-0.10847960412502289,0.07299251109361649,0.10636840015649796,-0.07197420299053192
3.720077399999809,-0.03793537989258766,0.2284192442893982,0.13794809579849243,0.15012142062187195,-0.2356581687927246,-0.06095726042985916,-0.1084279790520668,0.05584000051021576,0.10636521875858307,-0.07197341322898865
3.7401856000001317,-0.037922583520412445,0.2284010499715805,0.13887016475200653,0.11817321181297302,-0.23567408323287964,-0.06097947433590889,-0.10845387727022171,0.0370330885052681,0.10634556412696838,-0.07196232676506042
3.760522999999921,-0.03794015571475029,0.2283693552017212,0.13910265266895294,0.09241514652967453,-0.2356247901916504,-0.06095658615231514,-0.10847112536430359,0.01924741640686989,0.1063569039106369,-0.07196840643882751
3.7805342999999993,-0.0379195399582386,0.2284105271100998,0.13909754157066345,0.0720001608133316,-0.23560285568237305,-0.060958802700042725,-0.1084243506193161,0.0018136744620278478,0.10635614395141602,-0.07195648550987244
3.800429400000212,-0.037934012711048126,0.22839438915252686,0.1390925645828247,0.049414608627557755,-0.2355930060148239,-0.06094951555132866,-0.10839956253767014,-0.016278976574540138,0.10634376853704453,-0.0719742625951767
3.820386899999903,-0.03793405368924141,0.22842559218406677,0.13907837867736816,0.020980503410100937,-0.2355991005897522,-0.060939569026231766,-0.10839951783418655,-0.03566151112318039,0.10635644942522049,-0.07196255028247833
3.840530200000103,-0.03791612386703491,0.22840745747089386,0.13904884457588196,-0.011909660883247852,-0.23557865619659424,-0.06093299016356468,-0.10837168246507645,-0.05505494773387909,0.10636305809020996,-0.07198144495487213
3.8605391000000964,-0.03792731463909149,0.22841352224349976,0.1390381008386612,-0.04336392879486084,-0.23555202782154083,-0.06093662977218628,-0.10838757455348969,-0.07327812910079956,0.10634054243564606,-0.071956567466259
3.8800694999999905,-0.037968315184116364,0.228397399187088,0.13903668522834778,-0.06899386644363403,-0.23555953800678253,-0.06093817204236984,-0.10838235169649124,-0.08956276625394821,0.10636687278747559,-0.07196928560733795
3.900346100000206,-0.037915512919425964,0.22841496765613556,0.1390303671360016,-0.08989877253770828,-0.23554158210754395,-0.06092590093612671,-0.1083739623427391,-0.10579128563404083,0.10638308525085449,-0.07195409387350082
3.9205362000002424,-0.03792853653430939,0.2284078299999237,0.13902558386325836,-0.10535351932048798,-0.23552840948104858,-0.06093253195285797,-0.10838111490011215,-0.12151391804218292,0.10636131465435028,-0.07195450365543365
3.9403259999999136,-0.03793978691101074,0.22835314273834229,0.13894683122634888,-0.1182062029838562,-0.23538193106651306,-0.06094067543745041,-0.10837066918611526,-0.13652008771896362,0.10637012124061584,-0.07195780426263809
3.960622500000227,-0.0378929004073143,0.22837328910827637,0.1389838457107544,-0.13332074880599976,-0.23560553789138794,-0.06096840277314186,-0.10840211063623428,-0.14943718910217285,0.10635782033205032,-0.0719672292470932
3.9805381000001034,-0.03790627792477608,0.22836372256278992,0.13899347186088562,-0.14311781525611877,-0.23559685051441193,-0.06098804622888565,-0.10837866365909576,-0.16120871901512146,0.10636401921510696,-0.07195626199245453
4.000176999999894,-0.03798375278711319,0.22842472791671753,0.1391206830739975,-0.1440630853176117,-0.23567935824394226,-0.061030954122543335,-0.10838305205106735,-0.1725689172744751,0.10636506229639053,-0.07197368144989014
4.0200770000001285,-0.03789112716913223,0.22842876613140106,0.1391693502664566,-0.14384278655052185,-0.23563143610954285,-0.061058491468429565,-0.10840316116809845,-0.18016037344932556,0.10635600239038467,-0.07196937501430511
4.040120600000137,-0.03791702538728714,0.22840744256973267,0.13925643265247345,-0.14381229877471924,-0.23560504615306854,-0.06105417385697365,-0.1084626093506813,-0.182114377617836,0.10637879371643066,-0.07195933908224106
4.0601535000000695,-0.03795924782752991,0.22838649153709412,0.13934597373008728,-0.143809974193573,-0.2355421781539917,-0.06105247884988785,-0.10849680751562119,-0.18107891082763672,0.10637116432189941,-0.07196180522441864
4.080086500000107,-0.037954967468976974,0.22834567725658417,0.13941922783851624,-0.14379960298538208,-0.23557595908641815,-0.061050284653902054,-0.10849492996931076,-0.18101495504379272,0.10636811703443527,-0.07196871936321259
4.1003255999999055,-0.037946149706840515,0.22837454080581665,0.1397506296634674,-0.14378833770751953,-0.2355756014585495,-0.06103382259607315,-0.10850498825311661,-0.18042662739753723,0.10637826472520828,-0.07195936143398285
4.120538399999987,-0.0379316508769989,0.22841152548789978,0.1408536732196808,-0.14377650618553162,-0.23553696274757385,-0.06100982427597046,-0.10850392282009125,-0.176927849650383,0.10637036710977554,-0.07194855064153671
4.140233900000112,-0.03790591284632683,0.22840631008148193,0.1417875587940216,-0.14336654543876648,-0.2355259209871292,-0.061037302017211914,-0.10851773619651794,-0.16597411036491394,0.10639338195323944,-0.07195889949798584
4.1601746999999705,-0.03793940320611,0.22842565178871155,0.14179173111915588,-0.13702638447284698,-0.23552754521369934,-0.06103517860174179,-0.10852520167827606,-0.14505711197853088,0.10638044774532318,-0.07196666300296783
4.18053430000009,-0.03793341666460037,0.228394016623497,0.14179112017154694,-0.12607547640800476,-0.23553597927093506,-0.061039313673973083,-0.10852959007024765,-0.12334306538105011,0.10639835894107819,-0.07195425033569336
4.200531100000262,-0.03790901228785515,0.2284156233072281,0.14177876710891724,-0.10924272984266281,-0.23552696406841278,-0.061045676469802856,-0.10854119807481766,-0.10607722401618958,0.10639151930809021,-0.07196652889251709
4.220530200000212,-0.037947505712509155,0.22840900719165802,0.14179649949073792,-0.0874580591917038,-0.2355373501777649,-0.06102234497666359,-0.10852409899234772,-0.09024517238140106,0.10637278109788895,-0.07197663187980652
4.240112299999964,-0.03796933591365814,0.22838743031024933,0.14179503917694092,-0.06432074308395386,-0.23553816974163055,-0.061032749712467194,-0.10853340476751328,-0.06990852952003479,0.106376051902771,-0.07197257876396179
4.260276599999997,-0.03794557601213455,0.22841331362724304,0.14180603623390198,-0.04024370014667511,-0.2355484962463379,-0.06103214621543884,-0.10852687060832977,-0.04402651637792587,0.10637105256319046,-0.07198448479175568
4.280085599999893,-0.03795963525772095,0.22840140759944916,0.14181071519851685,-0.017192084342241287,-0.23557423055171967,-0.061026111245155334,-0.10853041708469391,-0.020060956478118896,0.10637035220861435,-0.07194949686527252
4.3001555999999255,-0.037932801991701126,0.2284035086631775,0.1418161392211914,0.00572332413867116,-0.2355656772851944,-0.061018940061330795,-0.10852601379156113,-0.0006969505338929594,0.10635741800069809,-0.07195259630680084
4.320526599999994,-0.037918124347925186,0.2284056842327118,0.14182701706886292,0.02959720976650715,-0.23557370901107788,-0.061020635068416595,-0.10853325575590134,0.016437651589512825,0.10636615753173828,-0.07197204977273941
4.340525300000081,-0.037939850240945816,0.22840824723243713,0.14183172583580017,0.05474095791578293,-0.23558852076530457,-0.061005134135484695,-0.10851932317018509,0.034834541380405426,0.10637729614973068,-0.07195612788200378
4.360477600000195,-0.037922658026218414,0.22836792469024658,0.14183029532432556,0.0815746933221817,-0.23560307919979095,-0.061034638434648514,-0.10851916670799255,0.05560266971588135,0.10637178272008896,-0.07196998596191406
4.380060699999831,-0.03795814886689186,0.22840183973312378,0.14183227717876434,0.10695517063140869,-0.2356012612581253,-0.06100771203637123,-0.10851995646953583,0.07246029376983643,0.10637346655130386,-0.07197144627571106
4.400120700000116,-0.03793807327747345,0.22839230298995972,0.14184099435806274,0.13184954226016998,-0.23561014235019684,-0.06101975589990616,-0.10852579772472382,0.08503670990467072,0.10637323558330536,-0.07197849452495575
4.420525300000008,-0.037865400314331055,0.22841191291809082,0.14183783531188965,0.15595029294490814,-0.23559626936912537,-0.06103195622563362,-0.10851795226335526,0.09573967754840851,0.10636735707521439,-0.07196494191884995
4.440563499999826,-0.037915244698524475,0.22841668128967285,0.14181552827358246,0.1786051094532013,-0.23561309278011322,-0.06102461740374565,-0.10852240025997162,0.10602132976055145,0.10635281354188919,-0.07196870446205139
4.460294200000135,-0.03794743865728378,0.2284248173236847,0.1418091356754303,0.19962938129901886,-0.23567351698875427,-0.06103627011179924,-0.1085280030965805,0.11533443629741669,0.10634903609752655,-0.07195772975683212
4.480352699999912,-0.037939198315143585,0.2284303605556488,0.14184315502643585,0.21946410834789276,-0.2356293946504593,-0.06104319542646408,-0.10852067917585373,0.1226714551448822,0.10636177659034729,-0.07195951044559479
4.500522199999978,-0.037930794060230255,0.22839374840259552,0.14182740449905396,0.23657986521720886,-0.23566065728664398,-0.06104060634970665,-0.1085277870297432,0.1278490424156189,0.10636468976736069,-0.07197095453739166
4.520281600000089,-0.03792795538902283,0.22839359939098358,0.14186345040798187,0.24924840033054352,-0.23567742109298706,-0.061013977974653244,-0.10852115601301193,0.12792453169822693,0.10635372996330261,-0.07196329534053802
4.540050399999927,-0.03793088346719742,0.22840049862861633,0.14182201027870178,0.2573775053024292,-0.23568162322044373,-0.06103898584842682,-0.10852943360805511,0.12792521715164185,0.10635076463222504,-0.07196968793869019
4.560482700000193,-0.03792138397693634,0.22841401398181915,0.14184868335723877,0.2624856233596802,-0.23568955063819885,-0.06100517511367798,-0.10854940861463547,0.12771949172019958,0.10635863989591599,-0.07197684049606323
4.580050000000028,-0.03790741786360741,0.22839415073394775,0.14185795187950134,0.2602196931838989,-0.23567789793014526,-0.0610249824821949,-0.10855834186077118,0.12722952663898468,0.10635504871606827,-0.07196128368377686
4.600137200000063,-0.03791726380586624,0.22838430106639862,0.14187389612197876,0.2611734867095947,-0.2356763631105423,-0.06102393567562103,-0.10856713354587555,0.1258438229560852,0.10635539889335632,-0.07196605950593948
4.620174399999996,-0.037936337292194366,0.2284180372953415,0.14194822311401367,0.26104244589805603,-0.23567910492420197,-0.060998402535915375,-0.10854892432689667,0.12576287984848022,0.1063465029001236,-0.07196588814258575
4.640061099999912,-0.037961289286613464,0.22840994596481323,0.1421509087085724,0.2608661949634552,-0.23567840456962585,-0.06103183329105377,-0.10856031626462936,0.12509119510650635,0.1063578650355339,-0.07195767760276794
4.660543299999972,-0.037894751876592636,0.22842217981815338,0.142255499958992,0.2604323625564575,-0.23570765554904938,-0.06101922690868378,-0.1085534617304802,0.12348385900259018,0.10635743290185928,-0.07197296619415283
4.680046999999831,-0.03796558827161789,0.22841426730155945,0.1424705982208252,0.25406259298324585,-0.23562714457511902,-0.06097770109772682,-0.10855883359909058,0.12341655045747757,0.10635092854499817,-0.07196728885173798
4.700053200000184,-0.03794184327125549,0.22840313613414764,0.14261353015899658,0.2320915162563324,-0.23565411567687988,-0.06096262112259865,-0.10856615006923676,0.12062680721282959,0.10636301338672638,-0.07197731733322144
4.720196900000246,-0.037914589047431946,0.22839637100696564,0.14262428879737854,0.20026521384716034,-0.2356301099061966,-0.060962848365306854,-0.10856624692678452,0.10452122986316681,0.10634409636259079,-0.07195436209440231
4.740292100000261,-0.0378875732421875,0.22840458154678345,0.1426098346710205,0.16780969500541687,-0.23561301827430725,-0.06100817397236824,-0.10856994986534119,0.08021559566259384,0.10635355114936829,-0.07197520136833191
4.760521499999868,-0.03792906552553177,0.2284180372953415,0.1425759494304657,0.13908368349075317,-0.23560789227485657,-0.06099900230765343,-0.10860320925712585,0.057401563972234726,0.106355682015419,-0.07195670902729034
4.780031700000109,-0.03799137473106384,0.22840672731399536,0.14254878461360931,0.11799754947423935,-0.2356172800064087,-0.060997407883405685,-0.10857848823070526,0.04367797076702118,0.10636278241872787,-0.0719788670539856
4.800552700000026,-0.037918996065855026,0.22837482392787933,0.1425577998161316,0.1012931540608406,-0.23559437692165375,-0.060993701219558716,-0.10858342051506042,0.032403066754341125,0.10635539889335632,-0.07198284566402435
4.820517900000141,-0.03793914616107941,0.2283707559108734,0.1425565779209137,0.0848713368177414,-0.235536128282547,-0.06097247079014778,-0.10860278457403183,0.01801188290119171,0.10635260492563248,-0.07197323441505432
4.840235499999835,-0.037969350814819336,0.2283872365951538,0.14251059293746948,0.06316179037094116,-0.23552362620830536,-0.06096729263663292,-0.10858827829360962,-0.0006113175768405199,0.10636084526777267,-0.07194869220256805
4.860362899999927,-0.0379374623298645,0.22837843000888824,0.14249172806739807,0.03929522633552551,-0.2355015128850937,-0.060969602316617966,-0.10858382284641266,-0.018532689660787582,0.1063648983836174,-0.07196731865406036
4.88035630000013,-0.03796723484992981,0.2284022867679596,0.14245326817035675,0.018139095976948738,-0.2355138063430786,-0.06097792461514473,-0.10857003927230835,-0.030183613300323486,0.10635185986757278,-0.07196056097745895
4.90009689999988,-0.037903398275375366,0.22843237221240997,0.1423749476671219,0.0007317332783713937,-0.23547473549842834,-0.060986876487731934,-0.1085841953754425,-0.0357869416475296,0.10635802149772644,-0.07194454967975616
4.920528900000136,-0.03792644292116165,0.22841815650463104,0.14232222735881805,-0.012267938815057278,-0.23548537492752075,-0.0609826035797596,-0.108572818338871,-0.041717082262039185,0.10635648667812347,-0.07196520268917084
4.94052610000017,-0.03796546161174774,0.2283789962530136,0.14226484298706055,-0.02029520645737648,-0.2354665994644165,-0.06098758801817894,-0.10858277231454849,-0.046552471816539764,0.10636541992425919,-0.07196833193302155
4.9605492000000595,-0.03797711804509163,0.22839930653572083,0.14222285151481628,-0.023543016985058784,-0.2354603111743927,-0.0610012412071228,-0.1085934191942215,-0.04891161620616913,0.10636265575885773,-0.07195714116096497
4.9805341000001135,-0.03792620822787285,0.2283807247877121,0.14218810200691223,-0.02341500297188759,-0.23544393479824066,-0.06098462641239166,-0.10856912285089493,-0.04840647056698799,0.106361523270607,-0.07194901257753372
5.000344999999925,-0.03792756423354149,0.22840406000614166,0.14217986166477203,-0.023204714059829712,-0.23545832931995392,-0.06098760664463043,-0.10857342928647995,-0.048216309398412704,0.10635098069906235,-0.07196369022130966
5.020277200000237,-0.037944190204143524,0.22842474281787872,0.14217737317085266,-0.023122087121009827,-0.23551301658153534,-0.060983963310718536,-0.10858449339866638,-0.04804675281047821,0.10636154562234879,-0.07196202874183655
5.0405086000000665,-0.03790253773331642,0.22842824459075928,0.14218094944953918,-0.023081831634044647,-0.23552703857421875,-0.06101116165518761,-0.10859610140323639,-0.04781012609601021,0.1063612774014473,-0.0719483345746994
5.060493299999962,-0.037916943430900574,0.22843608260154724,0.14218458533287048,-0.022993657737970352,-0.2355339229106903,-0.06101704388856888,-0.10859662294387817,-0.04766003042459488,0.10637596249580383,-0.07196658104658127
5.080508500000178,-0.037991560995578766,0.2283911556005478,0.1421835720539093,-0.022941898554563522,-0.2355312705039978,-0.06100153177976608,-0.10857934504747391,-0.04750379920005798,0.10635635256767273,-0.07196831703186035
5.100067400000171,-0.03794647753238678,0.22836242616176605,0.14218179881572723,-0.02286197990179062,-0.2355303019285202,-0.06100840866565704,-0.108587346971035,-0.0473603829741478,0.10637511312961578,-0.07195860147476196
5.120514400000047,-0.037965886294841766,0.2283734828233719,0.14218297600746155,-0.022837072610855103,-0.23552611470222473,-0.06098968908190727,-0.1085861325263977,-0.0473795048892498,0.10636597126722336,-0.07197068631649017
5.140062999999827,-0.037929654121398926,0.22837279736995697,0.14219380915164948,-0.022799581289291382,-0.23553362488746643,-0.061006397008895874,-0.10858215391635895,-0.047375962138175964,0.10636790096759796,-0.07195490598678589
5.160144299999956,-0.03788971155881882,0.2283935546875,0.14218001067638397,-0.022786688059568405,-0.23553256690502167,-0.06099696084856987,-0.10856753587722778,-0.04736517369747162,0.10638121515512466,-0.07196913659572601
5.180127699999957,-0.03790657967329025,0.22843393683433533,0.14218944311141968,-0.02276141382753849,-0.23554570972919464,-0.06099411100149155,-0.10857479274272919,-0.0473211444914341,0.10637758672237396,-0.07197321951389313
5.2001642000000174,-0.03795229643583298,0.22841012477874756,0.14218296110630035,-0.02271280437707901,-0.23554861545562744,-0.06097961217164993,-0.10858628153800964,-0.04579746723175049,0.10636638849973679,-0.07195961475372314
5.220491399999901,-0.03796333819627762,0.22841425240039825,0.1421830952167511,-0.02268785424530506,-0.2355891913175583,-0.06099006533622742,-0.10857686400413513,-0.045720718801021576,0.10636565089225769,-0.07197540998458862
5.24053240000012,-0.037931352853775024,0.22839879989624023,0.14217644929885864,-0.022600065916776657,-0.23558536171913147,-0.06099070608615875,-0.10858701914548874,-0.045721955597400665,0.10636340826749802,-0.07196231931447983
5.260260300000027,-0.037875182926654816,0.2283838540315628,0.14218303561210632,-0.02235524170100689,-0.23559226095676422,-0.06099476292729378,-0.1085766851902008,-0.04566172510385513,0.10637825727462769,-0.0719790905714035
5.280048500000248,-0.03798689693212509,0.22836443781852722,0.14218902587890625,-0.022330312058329582,-0.23560044169425964,-0.06099103018641472,-0.10856929421424866,-0.04565749317407608,0.10638397932052612,-0.07195714116096497
5.30032570000003,-0.03790593519806862,0.22841571271419525,0.1421944499015808,-0.02233131229877472,-0.23560093343257904,-0.060978181660175323,-0.10858549177646637,-0.04566827043890953,0.10637316852807999,-0.07196943461894989
5.320426000000225,-0.03797602653503418,0.22840616106987,0.14218971133232117,-0.022383825853466988,-0.23559613525867462,-0.06099505349993706,-0.10857842117547989,-0.04570256173610687,0.10638090968132019,-0.07196271419525146
5.340521399999943,-0.03798656165599823,0.2283981591463089,0.1421802043914795,-0.02250041626393795,-0.23559071123600006,-0.06099312752485275,-0.10857600718736649,-0.04573368281126022,0.10638075321912766,-0.07197462767362595
5.360503899999912,-0.03794116526842117,0.22841449081897736,0.14219024777412415,-0.022640101611614227,-0.23560142517089844,-0.06099928170442581,-0.10855221748352051,-0.04581712186336517,0.10636939853429794,-0.0719577744603157
5.3805356000002575,-0.037946127355098724,0.2284070998430252,0.14218047261238098,-0.02273288369178772,-0.23558783531188965,-0.060978204011917114,-0.10856372117996216,-0.04590160399675369,0.10638666152954102,-0.0719536542892456
5.400515100000121,-0.03791535645723343,0.22840705513954163,0.14217808842658997,-0.02274339273571968,-0.23558945953845978,-0.06098959222435951,-0.10856211185455322,-0.04596753418445587,0.10638557374477386,-0.07195471972227097
5.420373800000107,-0.037936434149742126,0.22841639816761017,0.14216938614845276,-0.02277030050754547,-0.23560290038585663,-0.06098535284399986,-0.10851335525512695,-0.04596417769789696,0.10636796802282333,-0.07196424156427383
5.4401136999999835,-0.03791724517941475,0.22841762006282806,0.14217761158943176,-0.022770147770643234,-0.23559880256652832,-0.060992173850536346,-0.10853991657495499,-0.0459839403629303,0.10637394338846207,-0.07195684313774109
5.460527700000057,-0.037940606474876404,0.22838115692138672,0.14211246371269226,-0.022754129022359848,-0.23564937710762024,-0.06098545342683792,-0.10855498909950256,-0.04601030796766281,0.10637106746435165,-0.07195053994655609
5.480376299999989,-0.037973128259181976,0.22837093472480774,0.14208555221557617,-0.022765137255191803,-0.23564524948596954,-0.061000388115644455,-0.10855047404766083,-0.046012602746486664,0.10639812797307968,-0.07196816802024841
5.500503799999933,-0.03791544586420059,0.22839637100696564,0.1420735865831375,-0.022761518135666847,-0.2356240451335907,-0.060985464602708817,-0.10857600718736649,-0.0459936298429966,0.10637129098176956,-0.07196800410747528
5.520106800000121,-0.03793950378894806,0.22841987013816833,0.14206436276435852,-0.022763244807720184,-0.23562900722026825,-0.060978446155786514,-0.108560711145401,-0.046004343777894974,0.10637174546718597,-0.0719643235206604
5.54045700000006,-0.03789428621530533,0.22842881083488464,0.14205633103847504,-0.022760439664125443,-0.2356642335653305,-0.060986798256635666,-0.1085585355758667,-0.04599592089653015,0.10639708489179611,-0.07198136299848557
5.560191500000201,-0.03790637105703354,0.22844623029232025,0.14204251766204834,-0.02276528999209404,-0.23560328781604767,-0.06098778545856476,-0.10856512188911438,-0.04599888622760773,0.10639283806085587,-0.07196055352687836
5.58016409999982,-0.037924692034721375,0.22840240597724915,0.1420300006866455,-0.022766929119825363,-0.23563960194587708,-0.060979556292295456,-0.10856315493583679,-0.04599105194211006,0.10637402534484863,-0.07197397947311401
5.600534499999867,-0.03795589506626129,0.2284092754125595,0.14202880859375,-0.022770533338189125,-0.23563654720783234,-0.060981109738349915,-0.10854723304510117,-0.04600592702627182,0.10638561844825745,-0.07196998596191406
5.620516200000111,-0.03795357793569565,0.22838959097862244,0.14201834797859192,-0.022770043462514877,-0.23560898005962372,-0.06098635122179985,-0.10854223370552063,-0.0460122674703598,0.10636717826128006,-0.0719626247882843
5.64023189999989,-0.037904396653175354,0.22836174070835114,0.14202439785003662,-0.02277148701250553,-0.23565660417079926,-0.06098957732319832,-0.10852918773889542,-0.04600308835506439,0.10636913776397705,-0.0719621405005455
5.660110799999984,-0.037875622510910034,0.2283976525068283,0.14201298356056213,-0.022767238318920135,-0.23563894629478455,-0.06098145619034767,-0.10851514339447021,-0.04600301384925842,0.10637342184782028,-0.07196207344532013
5.6803202000000965,-0.03794323652982712,0.2284071445465088,0.14201001822948456,-0.02276514284312725,-0.23563265800476074,-0.06098292022943497,-0.10853401571512222,-0.046003106981515884,0.10637512058019638,-0.07194991409778595
5.700460000000021,-0.037932444363832474,0.22842185199260712,0.1420045793056488,-0.02276981808245182,-0.23562504351139069,-0.060983143746852875,-0.10853837430477142,-0.045985009521245956,0.106377013027668,-0.07195185124874115
5.720508299999892,-0.037931688129901886,0.22841776907444,0.14199641346931458,-0.02276761829853058,-0.23563165962696075,-0.060983095318078995,-0.10855237394571304,-0.04599153995513916,0.10637276619672775,-0.07197380065917969
5.740095099999962,-0.03792800009250641,0.22841282188892365,0.14197415113449097,-0.022765401750802994,-0.23563247919082642,-0.06098421663045883,-0.10856781899929047,-0.04597689211368561,0.10638058930635452,-0.07195207476615906
5.760103099999924,-0.03793945536017418,0.22842076420783997,0.14198464155197144,-0.022763479501008987,-0.2356259971857071,-0.06098565459251404,-0.10854844748973846,-0.04599994048476219,0.10637689381837845,-0.07195082306861877
5.7801964000000225,-0.03787856176495552,0.22837936878204346,0.14199090003967285,-0.022764431312680244,-0.2356293648481369,-0.06098907068371773,-0.10857550799846649,-0.04600057005882263,0.10637613385915756,-0.07197027653455734
5.800070400000095,-0.0379565991461277,0.22834748029708862,0.14199936389923096,-0.022770054638385773,-0.2356267124414444,-0.060980066657066345,-0.10855762660503387,-0.046007707715034485,0.10638713836669922,-0.07194885611534119
5.8201091000000815,-0.037893928587436676,0.22839783132076263,0.14198343455791473,-0.022761521860957146,-0.2356443554162979,-0.060987573117017746,-0.10855041444301605,-0.04599549248814583,0.10638569295406342,-0.07195581495761871
5.840508799999952,-0.03792676702141762,0.2283642590045929,0.14199253916740417,-0.02276093140244484,-0.2356184422969818,-0.060976386070251465,-0.10855726152658463,-0.046013448387384415,0.10638163238763809,-0.07197856903076172
5.860329300000103,-0.037914589047431946,0.22840707004070282,0.14199787378311157,-0.022760478779673576,-0.23561421036720276,-0.06098533421754837,-0.1085493341088295,-0.04600201174616814,0.10637925565242767,-0.07196127623319626
5.880536799999845,-0.037937525659799576,0.22841279208660126,0.14198431372642517,-0.022775303572416306,-0.23563705384731293,-0.0609871968626976,-0.10855662822723389,-0.04599892720580101,0.1063794195652008,-0.07196426391601562
5.900179499999922,-0.03792954236268997,0.2284025102853775,0.14200790226459503,-0.02276461571455002,-0.23565517365932465,-0.060984205454587936,-0.10857437551021576,-0.046000052243471146,0.10639046877622604,-0.07196573168039322
5.920194400000128,-0.03792925179004669,0.22840462625026703,0.1420128047466278,-0.022760160267353058,-0.23564176261425018,-0.060982197523117065,-0.10855472832918167,-0.0459921658039093,0.10639344900846481,-0.07195909321308136
5.940295100000185,-0.037953801453113556,0.22839216887950897,0.1420166790485382,-0.022766510024666786,-0.2356404811143875,-0.06097723916172981,-0.10855147242546082,-0.04600297659635544,0.10637004673480988,-0.07196931540966034
5.960565400000178,-0.03795182704925537,0.2284170538187027,0.14198468625545502,-0.02276584506034851,-0.2356332689523697,-0.06098009645938873,-0.10854105651378632,-0.04598791152238846,0.10639342665672302,-0.07196483016014099
5.980075599999964,-0.0379231721162796,0.22840027511119843,0.14198121428489685,-0.022765498608350754,-0.23561611771583557,-0.06097709387540817,-0.1085658147931099,-0.04599880054593086,0.10640636086463928,-0.07195790112018585
6.000501399999848,-0.03794108331203461,0.22837108373641968,0.14198598265647888,-0.02275867387652397,-0.23565156757831573,-0.060977961868047714,-0.10855545848608017,-0.04599982127547264,0.10637924820184708,-0.07197049260139465
6.020346100000097,-0.03791091591119766,0.22840645909309387,0.14195626974105835,-0.022766076028347015,-0.23560921847820282,-0.060980506241321564,-0.10854310542345047,-0.04598735272884369,0.10636787116527557,-0.07197320461273193
6.040499799999907,-0.037913136184215546,0.22840967774391174,0.14198829233646393,-0.022765491157770157,-0.23563458025455475,-0.060990992933511734,-0.1085728108882904,-0.04600761830806732,0.10637326538562775,-0.07197242975234985
6.06007929999987,-0.03792335465550423,0.228420227766037,0.1419689655303955,-0.022765174508094788,-0.23563647270202637,-0.060980744659900665,-0.10856137424707413,-0.04601716250181198,0.10638412833213806,-0.07196108996868134
6.080577600000197,-0.03792267292737961,0.22834870219230652,0.1419738382101059,-0.022769665345549583,-0.23564884066581726,-0.06097711995244026,-0.10857819020748138,-0.04599764943122864,0.10637792199850082,-0.07196372002363205
6.100272499999846,-0.03791077435016632,0.22842110693454742,0.1419714093208313,-0.022771883755922318,-0.23562969267368317,-0.06098593398928642,-0.10854655504226685,-0.046016156673431396,0.10637692362070084,-0.07198891043663025
6.12026939999987,-0.03792111575603485,0.22837573289871216,0.14198581874370575,-0.0227648988366127,-0.23563793301582336,-0.06097754091024399,-0.10855729877948761,-0.04599412530660629,0.10638054460287094,-0.07196979224681854
6.140143900000112,-0.037935301661491394,0.22838491201400757,0.1419682502746582,-0.022764788940548897,-0.2356172502040863,-0.06097665801644325,-0.10855425894260406,-0.04599149525165558,0.10638576000928879,-0.07196535170078278
6.160474499999964,-0.037962496280670166,0.22840465605258942,0.14198008179664612,-0.02275630086660385,-0.23563271760940552,-0.06099269539117813,-0.10858014225959778,-0.04599708691239357,0.10636617243289948,-0.0719597339630127
6.180068199999823,-0.037965770810842514,0.22841981053352356,0.14200125634670258,-0.022770177572965622,-0.23562578856945038,-0.06097264215350151,-0.10856714844703674,-0.04600489139556885,0.10639108717441559,-0.07197574526071548
6.2004971999999725,-0.03796389698982239,0.2284076064825058,0.14200818538665771,-0.0227670781314373,-0.23564578592777252,-0.060984332114458084,-0.10857085883617401,-0.04600789397954941,0.10637771338224411,-0.07195824384689331
6.220076300000073,-0.03794591501355171,0.2284112125635147,0.14198654890060425,-0.022766565904021263,-0.23563051223754883,-0.06097999960184097,-0.10854671895503998,-0.04600748047232628,0.1063796728849411,-0.07197490334510803
6.240365000000111,-0.03793219104409218,0.22841455042362213,0.14198356866836548,-0.022770121693611145,-0.23563404381275177,-0.06099271401762962,-0.10855385661125183,-0.045974552631378174,0.10637903958559036,-0.07196913659572601
6.260513000000174,-0.03789971023797989,0.22837822139263153,0.14198648929595947,-0.02275804802775383,-0.23562361299991608,-0.06098861247301102,-0.10858109593391418,-0.046006686985492706,0.10638226568698883,-0.0719500184059143
6.280066499999975,-0.037922732532024384,0.2284083515405655,0.14200074970722198,-0.02276911959052086,-0.2356373816728592,-0.06098940223455429,-0.10854868590831757,-0.04600963741540909,0.10636946558952332,-0.0719761848449707
6.300489000000198,-0.03793756663799286,0.22836841642856598,0.14198225736618042,-0.022769011557102203,-0.2356325387954712,-0.060971926897764206,-0.10855447500944138,-0.04599587246775627,0.10636518150568008,-0.07195695489645004
6.320473600000241,-0.037917375564575195,0.2284177541732788,0.14196696877479553,-0.022761117666959763,-0.2356470227241516,-0.06097593903541565,-0.10856582224369049,-0.046015068888664246,0.10637577623128891,-0.0719689279794693
6.340502099999867,-0.037944577634334564,0.22842159867286682,0.14198188483715057,-0.02276507019996643,-0.23563319444656372,-0.06098543107509613,-0.10855211317539215,-0.046012140810489655,0.10639405250549316,-0.07196839153766632
6.3604792000001,-0.037923552095890045,0.22838155925273895,0.14196963608264923,-0.02276528626680374,-0.2356286495923996,-0.06098929047584534,-0.10858592391014099,-0.0460059717297554,0.10637002438306808,-0.0719694048166275
6.380488799999966,-0.03794188052415848,0.2284121960401535,0.14196908473968506,-0.022768573835492134,-0.235624760389328,-0.060998380184173584,-0.1085655689239502,-0.04601278901100159,0.10640037804841995,-0.07197125256061554
